TACH,A1,X1,Y1,A2,X2,Y2,MICRO,STA,STATUS
-0.34277,0.98575,-0.20526,0.13558,0.15572,0.055575,-0.12926,0.082629,5,OUTER_RACE
-0.54789,0.83344,0.25471,0.17334,0.15317,0.069443,-0.13639,-0.0909,5,OUTER_RACE
-0.35625,1.8205,0.13859,0.18821,0.15915,0.089735,-0.12331,0.031982,5,OUTER_RACE
-0.28419,-0.02431,0.020559,0.18336,0.12143,0.049375,-0.16312,-0.047822,5,OUTER_RACE
-0.42492,2.2285,0.39837,0.21981,0.15518,0.096236,-0.14968,-0.017862,5,OUTER_RACE
-0.23445,0.029975,-0.14524,0.15558,0.10965,0.038748,-0.19867,0.015675,5,OUTER_RACE
-0.4966,2.1666,0.51834,0.19884,0.15318,0.095023,-0.14569,-0.077685,5,OUTER_RACE
-0.39862,0.31305,-0.22019,0.1389,0.11197,0.044883,-0.16233,0.068537,5,OUTER_RACE
-0.18994,1.3467,0.46952,0.20993,0.13827,0.077003,-0.10697,-0.11709,5,OUTER_RACE
-0.54429,0.94225,-0.12578,0.17719,0.1289,0.052873,-0.082039,0.11271,5,OUTER_RACE
-0.36128,0.074807,0.12294,0.21229,0.12366,0.031624,-0.040117,-0.058507,5,OUTER_RACE
-0.24782,1.7867,0.14021,0.22387,0.14015,0.057249,0.028398,0.031568,5,OUTER_RACE
-0.55243,-0.45928,-0.11999,0.1493,0.092295,0.015266,0.039662,0.01273,5,OUTER_RACE
-0.2895,2.1721,0.38234,0.16801,0.10531,0.066985,0.094871,-0.047263,5,OUTER_RACE
-0.35235,-0.62804,-0.44814,0.0459,0.030633,0.0035928,0.057419,0.12836,5,OUTER_RACE
-0.43856,1.6947,0.41783,0.092736,0.055867,0.064078,0.10475,-0.113,5,OUTER_RACE
-0.29868,0.15025,-0.38285,-0.015644,0.013839,0.014156,0.091975,0.13732,5,OUTER_RACE
-0.48587,0.81311,0.27893,0.016792,0.02256,0.04632,0.12632,-0.1066,5,OUTER_RACE
-0.26409,1.163,-0.15233,-0.037186,0.0031839,0.046879,0.11341,0.084868,5,OUTER_RACE
-0.27668,-0.25305,0.011013,-0.015548,-0.015197,0.037971,0.077885,-0.054783,5,OUTER_RACE
-0.55493,1.9557,0.16128,0.077,0.033042,0.089838,0.079375,0.033491,5,OUTER_RACE
-0.20917,-0.84109,-0.32195,0.065753,-0.00047047,0.039576,0.0090683,0.077445,5,OUTER_RACE
-0.51386,2.1142,0.34053,0.15698,0.054235,0.11642,0.026773,-0.072039,5,OUTER_RACE
-0.17302,-0.59629,-0.50225,-0.012587,-0.00063745,0.06642,-0.056884,0.16718,5,OUTER_RACE
-0.43343,1.478,0.42212,-0.0065429,0.043093,0.15098,-0.052004,-0.12351,5,OUTER_RACE
-0.42946,0.37819,-0.31335,-0.1084,0.010602,0.12039,-0.12336,0.1553,5,OUTER_RACE
-0.39805,0.39177,0.23844,-0.029357,0.020486,0.14969,-0.15304,-0.089026,5,OUTER_RACE
-0.28626,1.3177,0.0011524,-0.0079816,0.027409,0.17647,-0.1785,0.090587,5,OUTER_RACE
-0.44912,-0.54936,-0.019636,-0.01249,-0.0080104,0.15737,-0.23557,-0.0075675,5,OUTER_RACE
-0.35817,1.9676,0.31224,0.054796,0.025804,0.22482,-0.22245,-0.019201,5,OUTER_RACE
-0.40772,-1.0952,-0.25785,0.016894,-0.025415,0.16409,-0.27308,0.08443,5,OUTER_RACE
-0.3192,1.5658,0.53069,0.15208,0.031513,0.24758,-0.21211,-0.083307,5,OUTER_RACE
-0.41376,-0.33851,-0.36172,0.11651,-0.010669,0.18362,-0.22303,0.095065,5,OUTER_RACE
-0.34247,1.0214,0.48744,0.22691,0.024365,0.22712,-0.15175,-0.10611,5,OUTER_RACE
-0.40649,0.49777,-0.24491,0.16293,0.0012957,0.20159,-0.13041,0.094262,5,OUTER_RACE
-0.33443,0.035839,0.2122,0.13907,-0.0037652,0.21607,-0.089758,-0.10657,5,OUTER_RACE
-0.30285,1.1679,0.003086,0.084238,0.0015205,0.24067,-0.046629,0.11242,5,OUTER_RACE
-0.40608,-1.0497,-0.25914,0.01622,-0.045646,0.20873,-0.043424,0.045002,5,OUTER_RACE
-0.21479,1.7955,0.29181,0.060589,-0.012808,0.26806,0.0495,-0.039767,5,OUTER_RACE
-0.43008,-0.92225,-0.495,-0.071992,-0.086299,0.18468,0.042346,0.063353,5,OUTER_RACE
-0.30386,1.466,0.34269,-0.049075,-0.045421,0.25536,0.14531,-0.095379,5,OUTER_RACE
-0.22236,-0.53005,-0.57522,-0.17457,-0.096254,0.19385,0.14931,0.11539,5,OUTER_RACE
-0.39207,0.42455,0.15731,-0.093175,-0.069209,0.23652,0.22033,-0.090389,5,OUTER_RACE
-0.25477,0.67801,-0.42907,-0.091717,-0.060006,0.24161,0.25113,0.046609,5,OUTER_RACE
-0.27126,-0.34117,-0.15496,-0.043853,-0.065549,0.22798,0.24335,-0.087566,5,OUTER_RACE
-0.3328,1.4027,-0.10102,0.014839,-0.036205,0.2614,0.2437,0.023001,5,OUTER_RACE
-0.38686,-1.0701,-0.46417,-0.041927,-0.055575,0.21739,0.19646,-0.039085,5,OUTER_RACE
-0.19476,1.4612,0.164,-0.048677,-0.00029707,0.27568,0.22911,-0.020223,5,OUTER_RACE
-0.54901,-0.54522,-0.45035,-0.19133,-0.023097,0.22926,0.19425,0.056246,5,OUTER_RACE
-0.33918,1.463,0.31878,-0.11732,0.016395,0.27908,0.20451,-0.10253,5,OUTER_RACE
-0.27897,-0.49974,-0.4984,-0.16448,-0.011337,0.23356,0.12723,0.14793,5,OUTER_RACE
-0.46936,0.12112,0.19069,-0.073476,0.021096,0.26702,0.092919,-0.11193,5,OUTER_RACE
-0.24581,0.5224,-0.17794,-0.091576,0.041333,0.27798,0.032405,0.13367,5,OUTER_RACE
-0.4544,-1.0079,-0.053099,-0.085281,0.045617,0.26619,-0.042011,-0.046751,5,OUTER_RACE
-0.28764,1.1911,0.20007,-0.0031066,0.089,0.31658,-0.067789,0.0079357,5,OUTER_RACE
-0.33298,-1.16,-0.22447,-0.017276,0.06656,0.25875,-0.14298,0.0038713,5,OUTER_RACE
-0.4525,1.3426,0.48665,0.049664,0.128,0.31622,-0.12773,-0.063107,5,OUTER_RACE
-0.31371,-0.90212,-0.33113,-0.020063,0.099353,0.24752,-0.18798,0.094749,5,OUTER_RACE
-0.41253,0.74085,0.47853,0.062368,0.1408,0.29336,-0.15351,-0.11212,5,OUTER_RACE
-0.29032,-0.28424,-0.28467,-0.018945,0.11245,0.25211,-0.15069,0.11176,5,OUTER_RACE
-0.42276,-0.125,0.26317,-0.01357,0.1144,0.25336,-0.10164,-0.12057,5,OUTER_RACE
-0.37026,0.54593,0.029624,-0.062184,0.11698,0.24325,-0.056107,0.090563,5,OUTER_RACE
-0.33325,-1.0773,-0.016861,-0.077015,0.093264,0.18702,-0.046642,-0.063958,5,OUTER_RACE
-0.35717,1.1525,0.2915,-0.025535,0.12547,0.21215,0.034152,0.024193,5,OUTER_RACE
-0.42858,-1.4841,-0.31647,-0.075165,0.085692,0.13259,0.057534,0.0050639,5,OUTER_RACE
-0.26316,0.94207,0.43266,-0.031862,0.12974,0.18172,0.1519,-0.060308,5,OUTER_RACE
-0.41224,-1.0135,-0.29052,-0.10489,0.10353,0.10805,0.16268,0.069997,5,OUTER_RACE
-0.5154,0.27341,0.42223,-0.040623,0.14469,0.12568,0.2289,-0.10699,5,OUTER_RACE
-0.3609,-0.12287,-0.22416,-0.089674,0.13835,0.068865,0.25594,0.094433,5,OUTER_RACE
-0.44121,-0.66167,0.16372,-0.065107,0.14835,0.055613,0.27123,-0.10139,5,OUTER_RACE
-0.50339,0.74172,0.063755,-0.057451,0.16916,0.063314,0.25857,0.063791,5,OUTER_RACE
-0.38782,-1.4212,-0.12617,-0.095956,0.14527,0.012256,0.17584,-0.022024,5,OUTER_RACE
-0.49399,1.098,0.34337,-0.053777,0.19777,0.056473,0.16132,-0.029812,5,OUTER_RACE
-0.28452,-1.536,-0.37605,-0.12006,0.15658,-0.018233,0.051003,0.050065,5,OUTER_RACE
-0.40528,0.79962,0.44573,-0.033879,0.19948,0.045833,0.0044252,-0.10745,5,OUTER_RACE
-0.4135,-1.1289,-0.47012,-0.12789,0.15751,0.004042,-0.13077,0.14985,5,OUTER_RACE
-0.44301,-0.1118,0.31069,-0.047996,0.18238,0.050986,-0.18697,-0.13656,5,OUTER_RACE
-0.41905,-0.11078,-0.22544,-0.060103,0.18167,0.037856,-0.24563,0.15406,5,OUTER_RACE
-0.4114,-1.1697,0.05187,0.016034,0.17229,0.022358,-0.28805,-0.081092,5,OUTER_RACE
-0.43361,0.79946,0.10969,0.07734,0.19553,0.049311,-0.28342,0.064424,5,OUTER_RACE
-0.38095,-1.8942,-0.29438,0.014075,0.14997,0.0046581,-0.32443,0.02855,5,OUTER_RACE
-0.42125,1.0212,0.38579,0.019534,0.19755,0.073235,-0.27367,-0.050938,5,OUTER_RACE
-0.37415,-1.8706,-0.47658,-0.098095,0.15883,0.011589,-0.31629,0.12052,5,OUTER_RACE
-0.4346,0.48865,0.4823,0.00074713,0.20268,0.066292,-0.28554,-0.12607,5,OUTER_RACE
-0.29739,-0.99169,-0.41828,-0.061073,0.17158,0.015196,-0.31859,0.17083,5,OUTER_RACE
-0.41117,-0.57762,0.26995,0.0019097,0.18743,0.033088,-0.27055,-0.12563,5,OUTER_RACE
-0.323,0.06014,-0.21734,-0.031271,0.19461,0.023795,-0.20585,0.13926,5,OUTER_RACE
-0.39614,-1.4557,-0.14972,-0.017597,0.17563,-0.0030814,-0.15472,-0.046362,5,OUTER_RACE
-0.38627,0.91964,0.07393,0.022713,0.20326,0.032362,-0.076156,0.021833,5,OUTER_RACE
-0.3443,-1.7822,-0.5465,-0.041092,0.15294,-0.031434,-0.092346,0.064278,5,OUTER_RACE
-0.42131,1.0926,0.25122,0.02913,0.19259,0.021517,-0.021115,-0.076784,5,OUTER_RACE
-0.35836,-1.634,-0.76002,-0.067136,0.14076,-0.046643,-0.042576,0.15433,5,OUTER_RACE
-0.37894,0.33634,0.18332,-0.012593,0.16949,-0.0013808,0.017564,-0.12982,5,OUTER_RACE
-0.42623,-0.70275,-0.65795,-0.10194,0.14134,-0.036305,0.015394,0.17446,5,OUTER_RACE
-0.34539,-0.68558,-0.093409,-0.06993,0.14423,-0.01831,0.023755,-0.10657,5,OUTER_RACE
-0.40664,0.64468,-0.36112,-0.084408,0.16108,-0.010243,0.023633,0.11451,5,OUTER_RACE
-0.37569,-1.4173,-0.42272,-0.1153,0.14139,-0.038192,-0.032019,-0.010853,5,OUTER_RACE
-0.40507,1.38,0.030009,-0.075839,0.18197,0.0087075,-0.038242,-0.011486,5,OUTER_RACE
-0.4218,-1.6043,-0.66115,-0.17218,0.1418,-0.03986,-0.13454,0.096672,5,OUTER_RACE
-0.39377,1.2733,0.25736,-0.089629,0.19415,0.027543,-0.13382,-0.10801,5,OUTER_RACE
-0.45845,-0.96451,-0.67239,-0.16922,0.16376,-0.018811,-0.20769,0.18845,5,OUTER_RACE
-0.3693,0.53901,0.25368,-0.066032,0.19047,0.032536,-0.1938,-0.13527,5,OUTER_RACE
-0.39541,0.11543,-0.38791,-0.12429,0.17093,0.014689,-0.21074,0.15985,5,OUTER_RACE
-0.54917,-0.5038,0.067018,-0.11499,0.15519,0.028191,-0.21224,-0.094819,5,OUTER_RACE
-0.41715,1.1263,0.015099,-0.11419,0.16767,0.064277,-0.19419,0.078832,5,OUTER_RACE
-0.47911,-1.2523,-0.25047,-0.10605,0.13847,0.039133,-0.22013,0.021833,5,OUTER_RACE
-0.44362,1.5823,0.34059,0.012963,0.18774,0.1022,-0.15062,-0.037722,5,OUTER_RACE
-0.41121,-1.4325,-0.47376,-0.031014,0.15146,0.041867,-0.15116,0.12434,5,OUTER_RACE
-0.52743,1.2698,0.46395,0.076929,0.208,0.10701,-0.065079,-0.12329,5,OUTER_RACE
-0.32996,-0.67126,-0.48186,-0.017732,0.19078,0.066478,-0.09216,0.17489,5,OUTER_RACE
-0.50409,0.26788,0.35883,0.058945,0.23537,0.11196,-0.078597,-0.13899,5,OUTER_RACE
-0.47226,0.47144,-0.1846,0.050358,0.24937,0.11211,-0.083317,0.15204,5,OUTER_RACE
-0.4438,-0.73744,0.070802,0.076736,0.24937,0.1113,-0.070775,-0.070335,5,OUTER_RACE
-0.43985,1.3799,0.1671,0.063852,0.28388,0.14745,-0.0099726,0.050138,5,OUTER_RACE
-0.42382,-1.3207,-0.2993,-0.033429,0.24523,0.10494,-0.034453,0.040329,5,OUTER_RACE
-0.52403,1.6314,0.46405,0.025045,0.30251,0.17106,-0.0053938,-0.058799,5,OUTER_RACE
-0.39267,-1.0659,-0.42101,-0.063051,0.26548,0.11483,-0.082565,0.14586,5,OUTER_RACE
-0.44461,1.2384,0.58204,0.051154,0.32042,0.17315,-0.067448,-0.13651,5,OUTER_RACE
-0.52446,-0.44433,-0.31323,0.0017234,0.29633,0.13942,-0.12035,0.17983,5,OUTER_RACE
-0.47897,-0.24807,0.40752,0.069947,0.31953,0.17197,-0.1494,-0.13578,5,OUTER_RACE
-0.47978,0.69777,0.014752,0.060737,0.33553,0.18628,-0.19991,0.15043,5,OUTER_RACE
-0.4717,-1.7159,0.072575,0.07488,0.3331,0.16449,-0.24418,-0.051814,5,OUTER_RACE
-0.46777,1.5426,0.3913,0.1156,0.38226,0.20739,-0.21191,0.045854,5,OUTER_RACE
-0.49694,-1.7974,-0.20834,0.026227,0.3301,0.14319,-0.25845,0.07506,5,OUTER_RACE
-0.48367,1.458,0.66459,0.10009,0.35465,0.20895,-0.22952,-0.072525,5,OUTER_RACE
-0.42097,-1.3056,-0.27117,-0.014668,0.28857,0.15043,-0.26,0.15988,5,OUTER_RACE
-0.5528,0.54323,0.65854,0.055515,0.308,0.2092,-0.18756,-0.12631,5,OUTER_RACE
-0.33223,-0.06954,-0.20196,-0.0035562,0.26171,0.18161,-0.1719,0.16735,5,OUTER_RACE
-0.52847,-0.74036,0.33706,0.080468,0.24424,0.19585,-0.14659,-0.097447,5,OUTER_RACE
-0.52599,1.0977,0.083714,0.10468,0.2333,0.21358,-0.11107,0.10456,5,OUTER_RACE
-0.4862,-1.7692,-0.047034,0.10217,0.19979,0.1813,-0.061354,0.0078384,5,OUTER_RACE
-0.49555,1.6151,0.40325,0.1656,0.24624,0.23922,0.080968,-0.018227,5,OUTER_RACE
-0.39132,-1.6216,-0.40277,0.065021,0.20259,0.18279,0.11832,0.11931,5,OUTER_RACE
-0.56685,1.3489,0.52088,0.14808,0.25198,0.26544,0.19757,-0.10485,5,OUTER_RACE
-0.46976,-1.0205,-0.38083,0.052137,0.21763,0.21054,0.17684,0.17538,5,OUTER_RACE
-0.5272,0.26956,0.41985,0.13424,0.26502,0.25348,0.22407,-0.12595,5,OUTER_RACE
-0.45954,0.17228,-0.28098,0.069312,0.26034,0.23862,0.21019,0.15705,5,OUTER_RACE
-0.51144,-1.0354,0.041386,0.10706,0.24993,0.24107,0.1665,-0.075568,5,OUTER_RACE
-0.52109,1.2218,-0.019527,0.13203,0.26301,0.28454,0.13247,0.088494,5,OUTER_RACE
-0.48067,-1.984,-0.32669,0.095523,0.2251,0.25355,0.05013,0.033564,5,OUTER_RACE
-0.54082,1.4883,0.28623,0.16895,0.25999,0.32587,0.038243,-0.034023,5,OUTER_RACE
-0.49195,-1.7008,-0.4539,0.060486,0.19912,0.2566,-0.064347,0.13459,5,OUTER_RACE
-0.48321,1.0626,0.35533,0.13581,0.22761,0.31806,-0.094497,-0.11977,5,OUTER_RACE
-0.42773,-0.89805,-0.55796,0.050948,0.17758,0.27608,-0.16107,0.20902,5,OUTER_RACE
-0.53755,-0.20587,0.21144,0.14928,0.19295,0.31838,-0.15036,-0.14043,5,OUTER_RACE
-0.5036,0.52825,-0.26521,0.1183,0.18166,0.31514,-0.15719,0.17324,5,OUTER_RACE
-0.51059,-1.2814,-0.077735,0.099204,0.15646,0.30085,-0.18668,-0.057898,5,OUTER_RACE
-0.45593,1.4718,0.098374,0.059176,0.17241,0.33282,-0.17326,0.046633,5,OUTER_RACE
-0.45265,-2.0063,-0.34712,-0.099489,0.13149,0.27768,-0.18901,0.059751,5,OUTER_RACE
-0.52006,1.5287,0.3979,-0.081697,0.1722,0.33268,-0.10666,-0.086568,5,OUTER_RACE
-0.49308,-1.3218,-0.46599,-0.17812,0.11393,0.27165,-0.10019,0.17528,5,OUTER_RACE
-0.55341,0.80537,0.48881,-0.079526,0.14095,0.33259,-0.010088,-0.15289,5,OUTER_RACE
-0.50396,-0.10528,-0.31555,-0.14791,0.10464,0.28571,0.032219,0.20059,5,OUTER_RACE
-0.55258,-0.05579,0.33154,-0.12869,0.11462,0.29945,0.11753,-0.10704,5,OUTER_RACE
-0.49647,1.0673,-0.05421,-0.16567,0.11252,0.28752,0.17221,0.11437,5,OUTER_RACE
-0.51933,-1.3964,-0.046129,-0.1485,0.086803,0.2589,0.17365,-0.017035,5,OUTER_RACE
-0.52235,1.5805,0.31859,-0.050887,0.11868,0.31049,0.20303,0.016916,5,OUTER_RACE
-0.38625,-1.9099,-0.32918,-0.074157,0.075044,0.26103,0.16673,0.099032,5,OUTER_RACE
-0.57258,1.3158,0.50681,0.037666,0.12913,0.32634,0.20836,-0.089318,5,OUTER_RACE
-0.50098,-1.3265,-0.48655,-0.017629,0.086752,0.2686,0.15779,0.16732,5,OUTER_RACE
-0.49642,0.36779,0.44408,0.1084,0.10882,0.32123,0.14934,-0.12809,5,OUTER_RACE
-0.47965,-0.099762,-0.28546,0.09314,0.095377,0.3083,0.094274,0.16934,5,OUTER_RACE
-0.44486,-0.80469,0.21997,0.13846,0.095178,0.30566,0.053707,-0.084305,5,OUTER_RACE
-0.52816,1.0309,0.068714,0.10345,0.10772,0.32232,0.022773,0.11568,5,OUTER_RACE
-0.52685,-1.7848,-0.085071,0.044532,0.075763,0.28576,-0.059344,0.027625,5,OUTER_RACE
-0.55252,1.558,0.39532,0.099197,0.10773,0.3356,-0.08132,-0.015161,5,OUTER_RACE
-0.55388,-1.9173,-0.27511,0.013124,0.062636,0.25608,-0.17328,0.16443,5,OUTER_RACE
-0.50476,1.2056,0.57757,0.13705,0.12681,0.32315,-0.15655,-0.13191,5,OUTER_RACE
-0.551,-0.90721,-0.18193,0.029509,0.081364,0.23912,-0.24851,0.25236,5,OUTER_RACE
-0.54427,0.31331,0.54015,0.13642,0.12101,0.29102,-0.24804,-0.1453,5,OUTER_RACE
-0.51937,0.2022,0.032283,0.060756,0.10811,0.27288,-0.26922,0.20933,5,OUTER_RACE
-0.59439,-1.2672,0.28484,0.053954,0.092095,0.2538,-0.25771,-0.065029,5,OUTER_RACE
-0.4991,1.4042,0.28586,0.027466,0.12594,0.2968,-0.17035,0.08533,5,OUTER_RACE
-0.5742,-2.1158,0.013204,-0.062538,0.051429,0.20556,-0.16482,0.081704,5,OUTER_RACE
-0.56862,1.4813,0.50162,0.021686,0.10522,0.2956,-0.024364,-0.057363,5,OUTER_RACE
-0.508,-1.6926,-0.24379,-0.06284,0.023074,0.19851,-0.0076094,0.20042,5,OUTER_RACE
-0.60088,0.97954,0.50915,0.11416,0.080901,0.28273,0.12758,-0.13086,5,OUTER_RACE
-0.51358,-0.7331,-0.23517,0.029477,0.02678,0.20663,0.11241,0.23452,5,OUTER_RACE
-0.56075,-0.20573,0.34599,0.09517,0.056226,0.25067,0.14673,-0.10984,5,OUTER_RACE
-0.58338,0.55022,-0.072942,0.05461,0.069373,0.24834,0.15188,0.15262,5,OUTER_RACE
-0.50227,-1.743,0.016782,0.082986,0.062019,0.20836,0.14874,-0.010756,5,OUTER_RACE
-0.61279,1.3381,0.15749,0.1612,0.12808,0.27478,0.21475,0.030083,5,OUTER_RACE
-0.51805,-2.0441,-0.26304,0.10379,0.065308,0.18641,0.14142,0.12464,5,OUTER_RACE
-0.56884,1.6019,0.37614,0.18299,0.13938,0.2942,0.16696,-0.090389,5,OUTER_RACE
-0.58033,-1.7861,-0.35845,0.0011582,0.060414,0.20114,0.027294,0.22566,5,OUTER_RACE
-0.52223,0.42179,0.38196,0.077038,0.10879,0.28721,-0.00092418,-0.14386,5,OUTER_RACE
-0.60453,-0.57121,-0.2657,-0.057765,0.045032,0.23789,-0.12876,0.22243,5,OUTER_RACE
-0.54056,-0.88465,0.23526,-0.042106,0.026285,0.26329,-0.20199,-0.11066,5,OUTER_RACE
-0.55489,0.70717,0.059727,-0.064426,0.0076731,0.29151,-0.25586,0.14335,5,OUTER_RACE
-0.59825,-1.955,0.039131,-0.050508,-0.059839,0.24332,-0.32313,-0.0060342,5,OUTER_RACE
-0.52377,1.4391,0.311,0.048707,-0.019661,0.32419,-0.26377,0.014045,5,OUTER_RACE
-0.59557,-2.2424,-0.20695,-0.010255,-0.11678,0.22189,-0.3176,0.1325,5,OUTER_RACE
-0.56261,1.1877,0.46141,0.13483,-0.059582,0.33083,-0.21669,-0.10185,5,OUTER_RACE
-0.53983,-1.569,-0.28077,0.0019611,-0.13566,0.24328,-0.22795,0.22469,5,OUTER_RACE
-0.62087,-0.047256,0.4437,0.04572,-0.08418,0.31385,-0.10586,-0.13826,5,OUTER_RACE
-0.50274,-0.16408,-0.20022,-0.11197,-0.11174,0.28448,-0.052665,0.16913,5,OUTER_RACE
-0.61917,-1.1947,0.15981,-0.12468,-0.11876,0.28582,0.010642,-0.084694,5,OUTER_RACE
-0.55397,0.93529,0.083547,-0.12745,-0.10096,0.32388,0.085919,0.08976,5,OUTER_RACE
-0.53885,-2.1311,-0.13375,-0.16475,-0.15858,0.25483,0.093792,0.042106,5,OUTER_RACE
-0.62798,1.403,0.27031,-0.10995,-0.095059,0.36257,0.2048,-0.037479,5,OUTER_RACE
-0.50603,-1.9967,-0.43882,-0.24502,-0.17768,0.27265,0.16709,0.14761,5,OUTER_RACE
-0.61037,0.88171,0.29164,-0.137,-0.12003,0.38527,0.26559,-0.11232,5,OUTER_RACE
-0.56491,-1.3662,-0.4947,-0.20348,-0.1977,0.31477,0.2485,0.21189,5,OUTER_RACE
-0.53534,-0.55995,0.20472,-0.050739,-0.17675,0.37679,0.30501,-0.12342,5,OUTER_RACE
-0.62928,-0.034058,-0.30407,-0.049718,-0.19479,0.38307,0.28121,0.1589,5,OUTER_RACE
-0.51491,-1.7703,-0.080169,-0.02603,-0.22178,0.37894,0.21345,-0.050548,5,OUTER_RACE
-0.60116,0.95584,-0.032452,-0.0071595,-0.19983,0.44039,0.17863,0.063037,5,OUTER_RACE
-0.57789,-2.4468,-0.35351,-0.061446,-0.26205,0.37859,0.064425,0.063694,5,OUTER_RACE
-0.53129,1.172,0.25459,0.065278,-0.20785,0.47952,0.065818,-0.057752,5,OUTER_RACE
-0.62926,-2.1549,-0.47899,-0.01418,-0.27787,0.40175,-0.045974,0.17241,5,OUTER_RACE
-0.52966,0.34964,0.31299,0.071605,-0.22513,0.48299,-0.023407,-0.13916,5,OUTER_RACE
-0.58345,-1.0914,-0.42801,-0.085551,-0.263,0.42349,-0.04625,0.23043,5,OUTER_RACE
-0.6009,-0.96606,0.14662,-0.074234,-0.24157,0.44884,-0.0077892,-0.12536,5,OUTER_RACE
-0.51177,0.2371,-0.23802,-0.10218,-0.23606,0.45664,-0.010673,0.1497,5,OUTER_RACE
-0.64102,-2.0719,-0.13475,-0.058877,-0.25311,0.42323,-0.053834,-0.030056,5,OUTER_RACE
-0.53044,1.094,0.081902,0.0039072,-0.1937,0.47672,-0.0091378,0.035657,5,OUTER_RACE
-0.58005,-2.654,-0.41503,-0.095885,-0.22152,0.39967,-0.010666,0.10925,5,OUTER_RACE
-0.61437,0.83502,0.26234,-0.024546,-0.15866,0.46046,0.094813,-0.10076,5,OUTER_RACE
-0.5116,-2.1703,-0.55013,-0.1242,-0.21767,0.36483,0.10545,0.2004,5,OUTER_RACE
-0.66117,-0.055129,0.24998,-0.0020725,-0.17136,0.42169,0.22292,-0.14444,5,OUTER_RACE
-0.56144,-0.83568,-0.4336,-0.025433,-0.19281,0.37314,0.2651,0.20541,5,OUTER_RACE
-0.58011,-1.4515,0.057286,0.098497,-0.18035,0.37107,0.31713,-0.0955,5,OUTER_RACE
-0.62492,0.50892,-0.13889,0.10442,-0.17357,0.36993,0.32724,0.11977,5,OUTER_RACE
-0.55567,-2.3958,-0.22082,0.027402,-0.21669,0.31319,0.25795,0.0028248,5,OUTER_RACE
-0.56363,1.177,0.14493,-0.0032993,-0.1673,0.37826,0.27414,-0.0010936,5,OUTER_RACE
-0.60378,-2.5648,-0.48766,-0.15803,-0.19908,0.3137,0.22443,0.1122,5,OUTER_RACE
-0.55853,0.76611,0.33461,-0.091685,-0.14487,0.372,0.25367,-0.094113,5,OUTER_RACE
-0.64371,-1.7514,-0.49054,-0.2001,-0.19574,0.29999,0.17251,0.20179,5,OUTER_RACE
-0.54828,-0.26935,0.30976,-0.14297,-0.16538,0.3388,0.15435,-0.1241,5,OUTER_RACE
-0.60125,-0.43563,-0.42103,-0.2369,-0.16309,0.31966,0.10368,0.17879,5,OUTER_RACE
-0.55129,-1.734,-0.011773,-0.21043,-0.15074,0.32283,0.071977,-0.07328,5,OUTER_RACE
-0.5818,0.81029,-0.03479,-0.15388,-0.12731,0.33863,0.051517,0.074062,5,OUTER_RACE
-0.56657,-2.1193,-0.30884,-0.13867,-0.16282,0.29216,-0.021757,0.029085,5,OUTER_RACE
-0.56699,1.2126,0.28512,-0.079905,-0.11356,0.34613,-0.016337,-0.036213,5,OUTER_RACE
-0.57586,-1.2987,-0.51682,-0.19265,-0.13765,0.28478,-0.070184,0.069048,5,OUTER_RACE
-0.56774,1.017,0.39417,-0.13399,-0.080455,0.33123,-0.052158,-0.10465,5,OUTER_RACE
-0.57369,-0.52426,-0.4969,-0.18432,-0.094501,0.27738,-0.10579,0.11841,5,OUTER_RACE
-0.57145,0.31381,0.28718,-0.077689,-0.071457,0.30004,-0.12447,-0.12225,5,OUTER_RACE
-0.56538,0.41251,-0.23289,-0.07925,-0.06515,0.28666,-0.15172,0.10178,5,OUTER_RACE
-0.57314,-0.62192,-0.0078349,-0.067586,-0.066152,0.26788,-0.16463,-0.074107,5,OUTER_RACE
-0.56661,1.1429,0.1124,-0.071844,-0.038202,0.28951,-0.13466,0.031884,5,OUTER_RACE
-0.57011,-1.4364,-0.33656,-0.11012,-0.083037,0.23138,-0.15546,0.0065485,5,OUTER_RACE
-0.56952,1.1884,0.3783,0.029329,-0.056557,0.27302,-0.11064,-0.054296,5,OUTER_RACE
-0.57894,-1.0544,-0.53257,-0.01515,-0.10976,0.20526,-0.11803,0.071531,5,OUTER_RACE
-0.56826,0.853,0.38631,0.041796,-0.093332,0.24689,-0.045242,-0.10689,5,OUTER_RACE
-0.57639,-0.29484,-0.5106,-0.088332,-0.1432,0.20707,-0.033265,0.10643,5,OUTER_RACE
-0.56066,-0.15035,0.16258,-0.062775,-0.15711,0.22096,0.0024858,-0.10806,5,OUTER_RACE
-0.57796,0.71252,-0.21273,-0.064998,-0.17409,0.2181,0.028263,0.079659,5,OUTER_RACE
-0.56208,-0.77222,-0.21357,-0.038555,-0.20123,0.19073,0.036201,-0.05471,5,OUTER_RACE
-0.57154,1.5316,0.068418,-0.022658,-0.17652,0.2225,0.086439,0.015432,5,OUTER_RACE
-0.57142,-0.91717,-0.58861,-0.15862,-0.21933,0.16247,0.075631,0.033247,5,OUTER_RACE
-0.56083,1.6509,0.27027,-0.12402,-0.1867,0.2095,0.136,-0.065711,5,OUTER_RACE
-0.579,-0.54791,-0.68672,-0.20689,-0.22763,0.15531,0.12536,0.10716,5,OUTER_RACE
-0.55799,1.0141,0.24087,-0.10695,-0.20122,0.19782,0.17123,-0.11412,5,OUTER_RACE
-0.5769,0.30847,-0.57089,-0.15355,-0.2264,0.17171,0.15829,0.11507,5,OUTER_RACE
-0.56716,0.080889,-0.054345,-0.10003,-0.23015,0.17685,0.14707,-0.11242,5,OUTER_RACE
-0.56749,1.2149,-0.28112,-0.10365,-0.22383,0.18523,0.13476,0.073721,5,OUTER_RACE
-0.57233,-0.75934,-0.46435,-0.11248,-0.24746,0.1519,0.085758,-0.044804,5,OUTER_RACE
-0.56486,1.7004,0.056752,-0.019735,-0.2103,0.19953,0.089631,-0.0024322,5,OUTER_RACE
-0.57268,-0.75335,-0.71266,-0.05298,-0.24321,0.14832,0.040137,0.042617,5,OUTER_RACE
-0.56827,1.5568,0.20804,0.045784,-0.19728,0.20105,0.067861,-0.080898,5,OUTER_RACE
-0.56867,-0.20209,-0.77787,-0.057001,-0.22514,0.14818,0.030254,0.10526,5,OUTER_RACE
-0.56937,0.91959,0.10832,0.0075875,-0.19362,0.17484,0.027653,-0.099686,5,OUTER_RACE
-0.56585,0.72101,-0.49307,-0.0084248,-0.19813,0.15736,-0.015059,0.099592,5,OUTER_RACE
-0.5659,0.011255,-0.081891,0.05364,-0.19962,0.14531,-0.028224,-0.0909,5,OUTER_RACE
-0.57373,1.6615,-0.054004,0.051983,-0.18824,0.15968,0.0025436,0.038869,5,OUTER_RACE
-0.56695,-0.15588,-0.3518,-0.048651,-0.22852,0.11039,0.011451,-0.030372,5,OUTER_RACE
-0.56961,2.0237,0.3399,-0.036685,-0.20556,0.15566,0.073891,-0.01319,5,OUTER_RACE
-0.57039,-0.26337,-0.33049,-0.10078,-0.24311,0.10298,0.061381,0.016843,5,OUTER_RACE
-0.56299,1.5419,0.52397,-0.036724,-0.21692,0.13507,0.10185,-0.071187,5,OUTER_RACE
-0.57419,0.51023,-0.16394,-0.092417,-0.24067,0.085249,0.094383,0.026749,5,OUTER_RACE
-0.55966,1.0052,0.50006,-0.071202,-0.22315,0.093149,0.1086,-0.10158,5,OUTER_RACE
-0.57335,1.4194,-0.00085194,-0.075043,-0.22409,0.078761,0.10802,0.026116,5,OUTER_RACE
-0.56578,0.45495,0.18644,-0.018464,-0.22334,0.057532,0.11303,-0.1093,5,OUTER_RACE
-0.56525,1.91,0.28021,0.053164,-0.18671,0.074859,0.15806,0.015821,5,OUTER_RACE
-0.57249,0.1808,-0.2088,0.062523,-0.20837,0.014073,0.14455,-0.083064,5,OUTER_RACE
-0.56053,1.9544,0.46919,0.12511,-0.16966,0.056447,0.16904,-0.023655,5,OUTER_RACE
-0.57321,0.32146,-0.40954,0.073634,-0.20869,-0.0029787,0.1178,-0.033171,5,OUTER_RACE
-0.56656,1.4079,0.48716,0.064777,-0.17538,0.036328,0.14228,-0.078634,5,OUTER_RACE
-0.56469,0.90364,-0.33861,-0.020782,-0.19324,0.0015777,0.104,0.0046501,5,OUTER_RACE
-0.56991,0.81944,0.28378,9.1997e-05,-0.18371,0.0074112,0.062967,-0.10684,5,OUTER_RACE
-0.56354,1.5009,-0.052501,0.0042861,-0.17486,0.012109,0.00047579,0.034245,5,OUTER_RACE
-0.56756,0.35021,-0.027036,0.0045174,-0.18424,-0.018124,-0.075951,-0.088248,5,OUTER_RACE
-0.56801,1.9743,0.34439,0.037634,-0.13874,0.022467,-0.074423,-0.0075918,5,OUTER_RACE
-0.56488,0.12958,-0.2123,0.014171,-0.16007,-0.034181,-0.11862,-0.04921,5,OUTER_RACE
-0.56862,1.8424,0.60218,0.077571,-0.11584,0.019868,-0.099988,-0.056998,5,OUTER_RACE
-0.56807,0.48484,-0.24521,0.053556,-0.14646,-0.032088,-0.14038,-0.0074701,5,OUTER_RACE
-0.56234,1.41,0.63457,0.12949,-0.11549,0.0030922,-0.11469,-0.10034,5,OUTER_RACE
-0.57589,0.86063,-0.056471,0.11868,-0.12896,-0.030548,-0.11117,0.041254,5,OUTER_RACE
-0.55851,0.24959,0.41174,0.16165,-0.13347,-0.035413,-0.092757,-0.10178,5,OUTER_RACE
-0.57448,1.5535,0.26824,0.15379,-0.13221,-0.024529,-0.061418,0.038261,5,OUTER_RACE
-0.56416,-0.38211,0.1001,0.098337,-0.15786,-0.064991,-0.048587,-0.063131,5,OUTER_RACE
-0.5666,1.7388,0.52612,0.11373,-0.11101,-0.018483,0.039874,-0.011778,5,OUTER_RACE
-0.57394,-0.7414,-0.20481,0.057776,-0.13769,-0.085726,0.044177,-0.0054501,5,OUTER_RACE
-0.5601,1.3661,0.56329,0.11874,-0.092317,-0.035458,0.097825,-0.064762,5,OUTER_RACE
-0.5732,0.0010893,-0.30183,0.062934,-0.11393,-0.092682,0.064444,0.015018,5,OUTER_RACE
-0.56433,0.48804,0.40648,0.14499,-0.07847,-0.072268,0.087903,-0.09679,5,OUTER_RACE
-0.56761,0.8521,-0.19369,0.13699,-0.073313,-0.099344,0.10682,0.039259,5,OUTER_RACE
-0.56939,-0.21735,0.036793,0.13621,-0.085432,-0.1182,0.11376,-0.1038,5,OUTER_RACE
-0.56392,1.5906,0.061782,0.096615,-0.079697,-0.093658,0.12962,0.021468,5,OUTER_RACE
-0.56998,-0.42197,-0.24613,0.022489,-0.12773,-0.13797,0.084352,-0.045754,5,OUTER_RACE
-0.56596,1.7763,0.2623,0.041616,-0.10518,-0.095731,0.099045,-0.032709,5,OUTER_RACE
-0.56968,-0.43694,-0.50035,-0.025439,-0.16163,-0.16611,0.044414,-0.012776,5,OUTER_RACE
-0.56836,1.2496,0.307,-0.0057336,-0.14461,-0.11865,0.045005,-0.069459,5,OUTER_RACE
-0.56473,0.16468,-0.44722,-0.097253,-0.18821,-0.15477,-0.024884,0.03388,5,OUTER_RACE
-0.56525,0.35422,0.15243,-0.068871,-0.17729,-0.13386,-0.04582,-0.10412,5,OUTER_RACE
-0.57282,1.0395,-0.18685,-0.040481,-0.16095,-0.13746,-0.049705,0.03792,5,OUTER_RACE
-0.55964,-0.64927,-0.063377,-0.011418,-0.16422,-0.1584,-0.06583,-0.088832,5,OUTER_RACE
-0.5735,1.7059,0.063594,0.004254,-0.13569,-0.13233,-0.053654,0.0015835,5,OUTER_RACE
-0.56259,-0.91451,-0.39159,-0.061337,-0.17438,-0.18584,-0.091646,-0.04147,5,OUTER_RACE
-0.56691,1.5411,0.33013,-0.031393,-0.12606,-0.1306,-0.026618,-0.045267,5,OUTER_RACE
-0.57258,-0.39033,-0.40211,-0.099045,-0.1588,-0.18206,-0.030959,-0.010366,5,OUTER_RACE
-0.55958,0.89808,0.35111,-0.048382,-0.13576,-0.13856,0.012427,-0.080898,5,OUTER_RACE
-0.57296,0.42443,-0.42462,-0.10558,-0.17511,-0.16802,-0.020819,0.041181,5,OUTER_RACE
-0.56369,-0.0032135,0.1468,-0.080387,-0.179,-0.16044,-0.0201,-0.09791,5,OUTER_RACE
-0.5676,1.17,-0.12053,-0.073688,-0.16567,-0.14884,-0.012689,0.042398,5,OUTER_RACE
-0.5728,-0.8744,-0.1793,-0.057875,-0.18978,-0.18045,-0.024704,-0.078026,5,OUTER_RACE
-0.55922,1.4786,0.22899,0.013914,-0.15154,-0.12867,0.022207,-0.001118,5,OUTER_RACE
-0.57203,-0.60655,-0.33318,-0.0021111,-0.19097,-0.16885,0.001818,-0.048625,5,OUTER_RACE
-0.56486,1.4116,0.35167,0.072709,-0.14802,-0.12248,0.045031,-0.051765,5,OUTER_RACE
-0.56733,-0.38795,-0.47311,0.037717,-0.18207,-0.17278,-0.0097093,0.0098098,5,OUTER_RACE
-0.56952,0.58399,0.35525,0.11028,-0.15518,-0.14216,-0.02105,-0.093456,5,OUTER_RACE
-0.5645,0.39733,-0.19952,0.06698,-0.17378,-0.14926,-0.07527,0.038042,5,OUTER_RACE
-0.56863,-0.67727,0.17799,0.030993,-0.18509,-0.14808,-0.096109,-0.08557,5,OUTER_RACE
-0.56623,1.2538,0.11174,-0.034489,-0.18127,-0.12207,-0.10248,-0.008687,5,OUTER_RACE
-0.56135,-0.99008,-0.019469,-0.10137,-0.22087,-0.15454,-0.1563,-0.088102,5,OUTER_RACE
-0.57406,1.5068,0.37369,-0.063161,-0.19866,-0.10488,-0.14328,-0.0091251,5,OUTER_RACE
-0.56427,-0.9897,-0.35099,-0.086964,-0.24785,-0.16443,-0.18015,-0.0046713,5,OUTER_RACE
-0.56663,1.0127,0.49099,0.0083197,-0.21197,-0.10853,-0.12096,-0.072915,5,OUTER_RACE
-0.56822,-0.19367,-0.23161,-0.00085859,-0.2474,-0.14082,-0.13436,-0.0044279,5,OUTER_RACE
-0.55776,0.19142,0.44517,0.074064,-0.22236,-0.10626,-0.11266,-0.091338,5,OUTER_RACE
-0.57773,0.51112,-0.14322,0.073589,-0.22396,-0.10812,-0.11034,0.035827,5,OUTER_RACE
-0.55749,-0.98053,0.065605,0.088664,-0.22959,-0.12587,-0.088589,-0.090998,5,OUTER_RACE
-0.56897,1.2412,0.11082,0.10382,-0.20561,-0.091855,-0.02665,0.012098,5,OUTER_RACE
-0.56783,-0.94416,-0.27168,0.056581,-0.24313,-0.14152,-0.026451,-0.059237,5,OUTER_RACE
-0.56107,1.3649,0.35259,0.07673,-0.2156,-0.072448,0.011573,-0.027208,5,OUTER_RACE
-0.57516,-0.93731,-0.63531,-0.0076476,-0.27646,-0.13363,-0.030998,-0.010756,5,OUTER_RACE
-0.56032,0.72801,0.38494,0.031789,-0.23423,-0.060672,0.027904,-0.073669,5,OUTER_RACE
-0.56686,-0.27241,-0.5012,-0.0050142,-0.27157,-0.10009,0.012607,0.046925,5,OUTER_RACE
-0.56875,-0.19306,0.2453,0.044609,-0.26453,-0.066037,0.02581,-0.10538,5,OUTER_RACE
-0.56188,0.58187,-0.25472,0.030832,-0.30261,-0.0857,0.0027684,0.061503,5,OUTER_RACE
-0.57099,-1.3396,-0.13845,0.018616,-0.33493,-0.10345,-0.011141,-0.084694,5,OUTER_RACE
-0.56399,1.2295,0.14843,0.026625,-0.27862,-0.0070731,0.061407,-0.0049877,5,OUTER_RACE
-0.5658,-1.1101,-0.507,-0.031104,-0.32776,-0.069124,0.024391,-0.047579,5,OUTER_RACE
-0.57162,1.192,0.44262,0.048244,-0.27142,0.025598,0.060225,-0.037966,5,OUTER_RACE
-0.56132,-0.79919,-0.57098,0.032862,-0.32858,-0.044455,0.0017602,0.01862,5,OUTER_RACE
-0.57087,0.397,0.48312,0.088946,-0.27988,0.028858,0.026735,-0.087323,5,OUTER_RACE
-0.56912,0.12309,-0.41198,-0.0010705,-0.29832,0.0041447,-0.011732,0.047606,5,OUTER_RACE
-0.55985,-0.62675,0.21232,-0.04544,-0.28778,0.029924,-0.031473,-0.10412,5,OUTER_RACE
-0.57454,0.85241,-0.16641,-0.11471,-0.29447,0.039512,-0.068791,0.0092987,5,OUTER_RACE
-0.55793,-0.9915,-0.27464,-0.14976,-0.33584,-0.0069319,-0.11856,-0.085351,5,OUTER_RACE
-0.57116,1.1752,0.19856,-0.11542,-0.27672,0.073993,-0.066986,-0.0041115,5,OUTER_RACE
-0.56893,-1.2164,-0.71795,-0.1719,-0.3463,-0.014299,-0.11535,-0.015842,5,OUTER_RACE
-0.55745,1.0198,0.38965,-0.11503,-0.27755,0.098572,-0.025199,-0.063447,5,OUTER_RACE
-0.57368,-0.28362,-0.80249,-0.16,-0.34638,0.011538,-0.045768,-0.014479,5,OUTER_RACE
-0.55933,0.3638,0.26524,-0.090368,-0.30645,0.077285,0.03762,-0.096279,5,OUTER_RACE
-0.56832,0.32545,-0.68353,-0.12115,-0.33243,0.033537,0.046649,0.065763,5,OUTER_RACE
-0.56801,-0.67762,-0.21367,-0.11292,-0.33734,0.029045,0.067745,-0.091947,5,OUTER_RACE
-0.55977,1.0967,-0.11619,-0.11133,-0.28057,0.086898,0.13356,0.0032142,5,OUTER_RACE
-0.57424,-0.89793,-0.35861,-0.15058,-0.3042,0.028037,0.13358,-0.079827,5,OUTER_RACE
-0.56085,1.3232,0.1467,-0.11322,-0.24155,0.083227,0.1979,-0.013798,5,OUTER_RACE
-0.56675,-0.90373,-0.83768,-0.14627,-0.30425,-0.029592,0.14355,-0.012703,5,OUTER_RACE
-0.56774,0.87332,0.32346,-0.049062,-0.21874,0.063981,0.22336,-0.070213,5,OUTER_RACE
-0.55682,0.052934,-0.70103,-0.073803,-0.22646,0.011743,0.22462,-0.015477,5,OUTER_RACE
-0.57303,0.31495,0.18471,-0.05027,-0.18875,0.035289,0.26012,-0.091947,5,OUTER_RACE
-0.56322,0.62366,-0.27998,-0.06309,-0.1766,0.024052,0.25246,0.040427,5,OUTER_RACE
-0.56358,-0.91053,-0.054011,-0.026602,-0.17542,-0.0036333,0.21942,-0.080508,5,OUTER_RACE
-0.57104,0.93758,0.1694,0.02712,-0.12988,0.024296,0.19382,-0.018933,5,OUTER_RACE
-0.55672,-0.75658,-0.12074,0.014659,-0.14258,-0.034136,0.10809,-0.054759,5,OUTER_RACE
-0.56965,1.2533,0.41492,0.048649,-0.092677,-0.0010021,0.078585,-0.045121,5,OUTER_RACE
-0.56654,-0.73058,-0.26738,0.01331,-0.10961,-0.056738,-0.0077635,-0.0060342,5,OUTER_RACE
-0.55753,0.58516,0.47577,0.036953,-0.064097,-0.022526,-0.027665,-0.079705,5,OUTER_RACE
-0.57185,0.12415,-0.15624,-0.0097093,-0.078271,-0.08063,-0.10014,0.076763,5,OUTER_RACE
-0.55851,0.2903,0.34184,0.01446,-0.056223,-0.087484,-0.12977,-0.0845,5,OUTER_RACE
-0.56923,0.8292,0.058725,0.0071893,-0.045845,-0.11321,-0.1441,0.053618,5,OUTER_RACE
-0.5682,-0.74752,0.10456,0.0090134,-0.065067,-0.16862,-0.16272,-0.054467,5,OUTER_RACE
-0.55693,1.4169,0.25989,0.036876,-0.021382,-0.13069,-0.11782,-0.020905,5,OUTER_RACE
-0.57362,-0.47114,-0.25016,-0.011835,-0.055427,-0.19956,-0.14192,-0.013311,5,OUTER_RACE
-0.55722,1.3691,0.49759,0.010054,-0.0060001,-0.15801,-0.093553,-0.06133,5,OUTER_RACE
-0.56524,-0.3956,-0.2574,-0.049666,-0.039409,-0.24773,-0.10839,0.040695,5,OUTER_RACE
-0.56701,0.66451,0.46986,-0.023878,0.0097925,-0.22119,-0.036752,-0.092969,5,OUTER_RACE
-0.55671,0.44642,-0.25684,-0.054381,0.00034517,-0.27519,-0.016253,0.063572,5,OUTER_RACE
-0.56965,0.3064,0.20539,-0.027841,0.020833,-0.27713,0.012613,-0.067098,5,OUTER_RACE
-0.56076,1.0148,0.0078847,-0.021155,0.057697,-0.27059,0.029349,0.0099071,5,OUTER_RACE
-0.56187,-0.29883,-0.10362,-0.012407,0.0499,-0.32672,0.0013363,-0.037917,5,OUTER_RACE
-0.56834,1.2931,0.34126,0.038193,0.10857,-0.28279,0.032547,-0.037235,5,OUTER_RACE
-0.55613,0.0064966,-0.21157,0.025443,0.057851,-0.36831,-0.040669,0.00043967,5,OUTER_RACE
-0.56757,1.2318,0.48918,0.063049,0.10594,-0.30164,-0.030041,-0.064615,5,OUTER_RACE
-0.56223,0.0806,-0.14466,0.0075297,0.083656,-0.3296,-0.091261,0.035608,5,OUTER_RACE
-0.55981,0.7512,0.44832,0.012315,0.1052,-0.30388,-0.10495,-0.080143,5,OUTER_RACE
-0.56986,0.67666,0.10942,-0.00017134,0.091839,-0.32301,-0.15784,0.020056,5,OUTER_RACE
-0.55716,0.2487,0.3335,0.039439,0.077356,-0.33574,-0.22787,-0.053688,5,OUTER_RACE
-0.56626,1.146,0.29494,0.045341,0.083438,-0.31948,-0.2906,-0.005085,5,OUTER_RACE
-0.56521,-0.11412,0.1541,0.0039265,0.060735,-0.36091,-0.36224,-0.020832,5,OUTER_RACE
-0.55698,1.3582,0.46213,-0.0017771,0.10545,-0.31923,-0.3406,-0.05286,5,OUTER_RACE
-0.57097,-0.30033,0.07454,-0.062062,0.08505,-0.35958,-0.34266,0.026871,5,OUTER_RACE
-0.55642,1.0428,0.46692,-0.037007,0.1035,-0.33628,-0.29628,-0.07659,5,OUTER_RACE
-0.56582,0.26696,0.031307,-0.074542,0.08252,-0.37068,-0.27337,0.037579,5,OUTER_RACE
-0.5647,0.61934,0.36263,-0.03165,0.095474,-0.36625,-0.21423,-0.082187,5,OUTER_RACE
-0.55782,0.84588,0.16682,-0.031855,0.10342,-0.37106,-0.15753,0.024193,5,OUTER_RACE
-0.56754,0.039197,0.22485,-0.024578,0.095448,-0.3875,-0.1113,-0.046338,5,OUTER_RACE
-0.56368,1.3272,0.25181,-0.027693,0.10417,-0.37557,-0.055285,-0.013555,5,OUTER_RACE
-0.55286,-0.1798,-0.0052974,-0.076495,0.085596,-0.40652,-0.036842,-0.013847,5,OUTER_RACE
-0.58417,1.4752,0.27811,-0.052133,0.11963,-0.38229,0.016524,-0.048406,5,OUTER_RACE
-0.59379,-0.22096,-0.28921,-0.060354,0.11135,-0.41846,0.011798,0.051379,5,OUTER_RACE
-0.64007,0.98732,0.25923,0.021628,0.13928,-0.39572,0.043085,-0.086641,5,OUTER_RACE
-0.65907,0.39011,-0.24529,0.011197,0.13287,-0.41665,0.037389,0.047679,5,OUTER_RACE
-0.55256,0.44127,0.11472,0.02949,0.13774,-0.4113,0.045891,-0.086714,5,OUTER_RACE
-0.81534,1.1402,-0.01167,0.0074334,0.14946,-0.39635,0.035937,0.038261,5,OUTER_RACE
-0.65246,-0.11397,-0.024377,-0.0015651,0.12973,-0.41111,-0.022701,-0.057752,5,OUTER_RACE
-0.68972,1.6119,0.16931,0.048045,0.14137,-0.37966,-0.056146,0.0048205,5,OUTER_RACE
-0.79888,-0.61549,-0.14278,0.022399,0.099616,-0.41077,-0.13429,0.033296,5,OUTER_RACE
-0.72492,1.5568,0.31037,0.037049,0.10956,-0.37121,-0.1479,-0.069142,5,OUTER_RACE
-0.73072,-0.43385,-0.27053,-0.086739,0.042765,-0.43206,-0.22322,0.10899,5,OUTER_RACE
-0.66816,0.86097,0.32586,-0.030796,0.058757,-0.38968,-0.21005,-0.11422,5,OUTER_RACE
-0.66693,0.41274,-0.041253,-0.030995,0.038873,-0.40183,-0.22035,0.12235,5,OUTER_RACE
-0.80519,-0.10253,0.26688,0.056029,0.033536,-0.39558,-0.19284,-0.08467,5,OUTER_RACE
-0.63696,1.2653,0.1497,0.062214,0.047267,-0.36917,-0.13677,0.061893,5,OUTER_RACE
-0.71512,-0.89079,0.086258,0.0043183,0.012027,-0.41408,-0.12063,-0.0088817,5,OUTER_RACE
-0.8066,1.6274,0.37898,0.034114,0.063927,-0.34336,-0.026785,-0.010026,5,OUTER_RACE
-0.59986,-1.2752,-0.17984,-0.033622,-0.00016862,-0.44047,-0.061553,0.14299,5,OUTER_RACE
-0.92623,1.2478,0.49193,0.13071,0.093457,-0.32699,0.031018,-0.099735,5,OUTER_RACE
-0.65662,-0.58629,-0.12597,0.037968,0.058558,-0.38098,-0.030144,0.15606,5,OUTER_RACE
-0.64054,0.40476,0.47007,0.10448,0.11627,-0.30437,-0.0086754,-0.11638,5,OUTER_RACE
-0.88813,0.34662,0.030607,0.03229,0.11847,-0.30744,-0.037503,0.15937,5,OUTER_RACE
-0.51069,-0.86328,0.24219,0.072716,0.11804,-0.31776,-0.062227,-0.058142,5,OUTER_RACE
-0.83001,1.1929,0.22198,0.1155,0.15859,-0.25955,-0.050996,0.06642,5,OUTER_RACE
-0.55382,-1.1582,-0.036563,0.089467,0.097317,-0.32354,-0.13832,0.033856,5,OUTER_RACE
-0.76366,1.5602,0.38012,0.1637,0.16499,-0.2036,-0.11412,-0.026697,5,OUTER_RACE
-0.89885,-1.4228,-0.26862,0.033735,0.072449,-0.29946,-0.23359,0.17205,5,OUTER_RACE
-0.56663,0.92039,0.45751,0.15212,0.13374,-0.1918,-0.20391,-0.13461,5,OUTER_RACE
-0.81312,-0.42908,-0.18841,0.05152,0.083573,-0.2321,-0.26785,0.20176,5,OUTER_RACE
-0.70343,0.24659,0.3312,0.11129,0.099256,-0.17997,-0.24907,-0.13074,5,OUTER_RACE
-0.69852,0.60063,-0.071189,0.013548,0.07383,-0.18192,-0.26119,0.1739,5,OUTER_RACE
-0.75035,-0.94124,0.06026,-0.015978,0.035135,-0.20922,-0.27008,-0.018666,5,OUTER_RACE
-0.67774,1.4573,0.27369,0.011827,0.098364,-0.11976,-0.19484,0.02799,5,OUTER_RACE
-0.85976,-1.1433,-0.095137,-0.05203,0.046394,-0.20316,-0.23357,0.07635,5,OUTER_RACE
-0.68157,1.6893,0.4116,0.056093,0.12231,-0.10981,-0.13214,-0.081141,5,OUTER_RACE
-0.70732,-0.9381,-0.3172,-0.072577,0.046285,-0.21816,-0.16365,0.20171,5,OUTER_RACE
-0.77658,0.99123,0.41365,0.050377,0.11742,-0.11571,-0.038967,-0.13456,5,OUTER_RACE
-0.59273,-0.077073,-0.24012,-0.032356,0.082513,-0.1579,-0.032854,0.21977,5,OUTER_RACE
-0.74126,-0.086443,0.21676,0.047429,0.098017,-0.1329,0.012138,-0.087006,5,OUTER_RACE
-0.79614,0.87767,-0.031302,0.016252,0.11637,-0.11255,0.049732,0.12152,5,OUTER_RACE
-0.61791,-1.0268,-0.043835,-0.00053102,0.069925,-0.17143,0.03577,0.01127,5,OUTER_RACE
-0.85235,1.4699,0.2324,0.076145,0.13252,-0.06417,0.1102,0.010686,5,OUTER_RACE
-0.72973,-1.387,-0.2971,0.0044403,0.043497,-0.15016,0.023049,0.12344,5,OUTER_RACE
-0.79264,1.3213,0.37186,0.15116,0.12166,-0.023585,0.085739,-0.09808,5,OUTER_RACE
-0.72471,-1.0195,-0.37803,0.02035,0.042842,-0.11832,0.019523,0.2085,5,OUTER_RACE
-0.65953,0.63518,0.35498,0.13143,0.090438,-0.048344,0.073017,-0.13198,5,OUTER_RACE
-0.86121,0.04876,-0.21407,0.042637,0.047922,-0.079661,0.020897,0.1828,5,OUTER_RACE
-0.66029,-0.40391,0.16008,0.093147,0.036811,-0.065338,-0.013704,-0.092458,5,OUTER_RACE
-0.76624,1.0814,0.048414,0.063916,0.067902,-0.001676,-0.014603,0.12391,5,OUTER_RACE
-0.79258,-1.2467,-0.12337,-0.014771,0.010242,-0.063861,-0.064103,0.05043,5,OUTER_RACE
-0.73975,1.5994,0.33394,0.022,0.077022,0.041129,-0.0093047,-0.029545,5,OUTER_RACE
-0.76171,-1.1423,-0.30601,-0.10212,-0.016578,-0.07103,-0.11356,0.16389,5,OUTER_RACE
-0.71463,1.2867,0.44495,0.020453,0.053587,0.042316,-0.048587,-0.12702,5,OUTER_RACE
-0.69976,-0.059733,-0.41707,-0.095943,-0.0031165,-0.034694,-0.085449,0.19339,5,OUTER_RACE
-0.79328,0.77969,0.30415,-0.042723,0.041442,0.030059,-0.019843,-0.11336,5,OUTER_RACE
-0.72361,0.81384,-0.27912,-0.12488,0.022714,0.016646,-0.042525,0.14196,5,OUTER_RACE
-0.69991,0.11236,-0.010604,-0.083033,0.00085896,-0.0094925,-0.082861,-0.048966,5,OUTER_RACE
-0.76217,1.4122,0.036125,-0.038702,0.049451,0.047476,-0.038884,0.050089,5,OUTER_RACE
-0.70824,-0.60706,-0.35135,-0.071016,-0.0083507,-0.046785,-0.064327,0.056782,5,OUTER_RACE
-0.85635,1.6143,0.30231,-4.2884e-05,0.066772,0.069507,0.057836,-0.053079,5,OUTER_RACE
-0.69897,-0.40292,-0.51484,-0.066546,-0.022075,-0.032255,0.01472,0.14708,5,OUTER_RACE
-0.72994,1.378,0.40687,0.081284,0.037601,0.066503,0.10721,-0.11463,5,OUTER_RACE
-0.81056,0.1215,-0.4562,0.016766,-0.0050689,-0.014896,0.077859,0.16474,5,OUTER_RACE
-0.77104,0.57287,0.26467,0.092415,0.025733,0.0083225,0.11785,-0.11222,5,OUTER_RACE
-0.75606,0.90164,-0.17444,0.043671,0.037884,0.0088038,0.12788,0.1287,5,OUTER_RACE
-0.82484,-0.21169,-0.049925,0.030055,0.011533,-0.028982,0.096245,-0.010391,5,OUTER_RACE
-0.80355,1.5081,0.16671,0.057577,0.083868,0.055016,0.16823,0.0022407,5,OUTER_RACE
-0.7868,-0.53693,-0.39731,-0.019517,0.045238,-0.02691,0.10644,0.063596,5,OUTER_RACE
-0.74257,1.6854,0.40339,0.051918,0.1293,0.049895,0.13907,-0.083477,5,OUTER_RACE
-0.81407,-0.50007,-0.26111,-0.084324,0.039169,-0.060127,-0.031505,0.18923,5,OUTER_RACE
-0.70416,1.0522,0.48719,0.015822,0.13203,0.088066,-0.028866,-0.13899,5,OUTER_RACE
-0.69338,0.21343,-0.29306,-0.057875,0.12683,0.048464,-0.083946,0.18816,5,OUTER_RACE
-0.82866,0.31716,0.185,0.032046,0.14962,0.068679,-0.10417,-0.10412,5,OUTER_RACE
-0.65164,0.96802,-0.029143,0.033658,0.11981,0.025797,-0.17538,0.12724,5,OUTER_RACE
-0.85624,-0.48262,-0.076681,0.047326,0.061165,0.02968,-0.29582,0.034707,5,OUTER_RACE
-0.64871,1.5359,0.27376,0.12774,0.15259,0.14911,-0.23401,-0.014528,5,OUTER_RACE
-0.64782,-0.82502,-0.26731,0.043851,0.049457,0.05329,-0.34264,0.17725,5,OUTER_RACE
-0.88664,1.515,0.4561,0.17257,0.17406,0.23336,-0.20419,-0.11857,5,OUTER_RACE
-0.62809,-0.3452,-0.20348,0.053665,0.076637,0.092559,-0.26037,0.20916,5,OUTER_RACE
-0.67509,0.97154,0.42306,0.15385,0.15026,0.17853,-0.15493,-0.13262,5,OUTER_RACE
-0.7311,0.37064,-0.25119,0.042085,0.10578,0.091891,-0.14531,0.20218,5,OUTER_RACE
-0.66258,0.071211,0.11395,0.038713,0.13953,0.1783,-0.064629,-0.070238,5,OUTER_RACE
-0.72602,1.2124,0.021279,-0.036557,0.1953,0.22729,0.078604,0.093824,5,OUTER_RACE
-0.73196,-0.58758,-0.23106,-0.13998,0.13096,0.207,0.065985,0.074062,5,OUTER_RACE
-0.68311,1.686,0.30667,-0.066327,0.2577,0.35503,0.22153,-0.043831,5,OUTER_RACE
-0.85691,-0.77837,-0.34564,-0.14372,0.17709,0.22005,0.15564,0.18568,5,OUTER_RACE
-0.75321,1.4162,0.39877,-0.020134,0.27344,0.30894,0.22561,-0.14671,5,OUTER_RACE
-0.55962,-0.31133,-0.46312,-0.17486,0.16044,0.21705,0.067334,0.23868,5,OUTER_RACE
-0.81975,0.65665,0.25988,-0.11072,0.25327,0.42285,0.084455,-0.12843,5,OUTER_RACE
-0.74974,0.48962,-0.28045,-0.16002,0.23054,0.40503,0.044504,0.16859,5,OUTER_RACE
-0.66097,-0.36681,-0.041227,-0.082847,0.23981,0.50626,0.0075334,-0.045462,5,OUTER_RACE
-0.71078,1.1196,0.081369,-0.01673,0.33486,0.62637,0.069806,0.085525,5,OUTER_RACE
-0.6479,-1.3145,-0.33233,-0.073161,0.26814,0.52748,-0.034318,0.17022,5,OUTER_RACE
-0.72813,1.4929,0.36985,0.01728,0.31112,0.57788,-0.041189,-0.086447,5,OUTER_RACE
-0.73427,-1.2838,-0.44947,-0.11309,0.23621,0.47926,-0.14849,0.28471,5,OUTER_RACE
-0.55422,1.1083,0.5,0.0010233,0.29112,0.55817,-0.12769,-0.15661,5,OUTER_RACE
-0.77429,-0.56452,-0.34951,-0.10951,0.24444,0.5062,-0.21267,0.27765,5,OUTER_RACE
-0.72678,0.056267,0.30856,-0.021579,0.26404,0.53111,-0.22559,-0.12785,5,OUTER_RACE
-0.58084,0.46699,-0.06312,-0.075852,0.28588,0.53966,-0.20084,0.19996,5,OUTER_RACE
-0.6181,-0.85237,-0.0017385,-0.10876,0.27789,0.50384,-0.17487,0.043785,5,OUTER_RACE
-0.5809,1.2577,0.28252,-0.11664,0.31892,0.55267,-0.1003,0.022465,5,OUTER_RACE
-0.74985,-1.3792,-0.3205,-0.22785,0.2563,0.4762,-0.12541,0.207,5,OUTER_RACE
-0.63963,1.4458,0.44834,-0.1006,0.3142,0.5497,-0.019798,-0.11938,5,OUTER_RACE
-0.65818,-0.97907,-0.5061,-0.19751,0.26664,0.46308,0.0028455,0.29395,5,OUTER_RACE
-0.66348,0.98677,0.36507,-0.071549,0.30506,0.51149,0.10473,-0.16048,5,OUTER_RACE
-0.71778,-0.3802,-0.43565,-0.16471,0.26332,0.47171,0.12062,0.26935,5,OUTER_RACE
-0.73961,-0.17353,0.086354,-0.10896,0.25724,0.48766,0.14851,-0.10061,5,OUTER_RACE
-0.68299,0.63177,-0.20076,-0.1466,0.26488,0.49721,0.17853,0.17407,5,OUTER_RACE
-0.73799,-1.5724,-0.36453,-0.17142,0.23504,0.45325,0.17729,0.062015,5,OUTER_RACE
-0.78184,1.438,0.10992,-0.067939,0.27676,0.51194,0.23177,0.0021677,5,OUTER_RACE
-0.75315,-1.9155,-0.64439,-0.13885,0.1969,0.439,0.16554,0.22978,5,OUTER_RACE
-0.63443,1.4345,0.32826,-0.0082257,0.24533,0.53407,0.21919,-0.12724,5,OUTER_RACE
-0.71293,-1.5988,-0.69916,-0.13263,0.20533,0.49665,0.17606,0.27974,5,OUTER_RACE
-0.75681,0.35486,0.27069,-0.049229,0.23663,0.55068,0.18753,-0.15406,5,OUTER_RACE
-0.71644,-0.1452,-0.45817,-0.12581,0.20713,0.52696,0.13403,0.25584,5,OUTER_RACE
-0.65692,-1.048,-0.053272,-0.081582,0.1955,0.5354,0.086677,-0.06756,5,OUTER_RACE
-0.70753,1.1811,0.024472,-0.059069,0.21362,0.57005,0.062473,0.085914,5,OUTER_RACE
-0.73467,-1.2966,-0.23618,-0.078852,0.19447,0.53798,-0.0057599,0.033223,5,OUTER_RACE
-0.73259,1.6574,0.38525,0.0045109,0.24892,0.59921,-0.0023498,-0.035824,5,OUTER_RACE
-0.65428,-1.3587,-0.48075,-0.10395,0.2168,0.55405,-0.061238,0.12074,5,OUTER_RACE
-0.71409,1.1217,0.47354,-0.028747,0.25643,0.60944,-0.056428,-0.10949,5,OUTER_RACE
-0.7287,-0.56102,-0.46503,-0.10266,0.23257,0.57684,-0.10219,0.16501,5,OUTER_RACE
-0.65875,0.25055,0.33401,0.011756,0.26115,0.61035,-0.093772,-0.11799,5,OUTER_RACE
-0.76058,0.41067,-0.19118,-0.0057464,0.25783,0.61153,-0.10084,0.13259,5,OUTER_RACE
-0.62397,-0.97897,0.02311,-0.0050142,0.23909,0.60456,-0.10974,-0.053542,5,OUTER_RACE
-0.69209,1.1537,0.14577,0.014055,0.24635,0.64087,-0.10204,0.042301,5,OUTER_RACE
-0.68458,-1.4613,-0.33612,-0.0072815,0.207,0.60049,-0.12432,0.050284,5,OUTER_RACE
-0.6453,1.3715,0.40847,0.1211,0.23709,0.66068,-0.06267,-0.065467,5,OUTER_RACE
-0.68569,-1.1762,-0.49833,0.059562,0.18895,0.61178,-0.047932,0.1222,5,OUTER_RACE
-0.57417,0.84612,0.42509,0.14207,0.20497,0.67205,0.017667,-0.1221,5,OUTER_RACE
-0.69764,-0.33362,-0.37057,0.023947,0.17137,0.64222,0.017423,0.17669,5,OUTER_RACE
-0.64201,-0.12075,0.21087,0.028154,0.17738,0.6603,0.047111,-0.10648,5,OUTER_RACE
-0.65712,0.71881,-0.13871,-0.024052,0.18029,0.66202,0.071983,0.11366,5,OUTER_RACE
-0.65873,-1.0649,-0.095349,-0.049872,0.14992,0.63797,0.081963,-0.025188,5,OUTER_RACE
-0.60253,1.429,0.19791,-0.027109,0.16205,0.68906,0.11459,0.010223,5,OUTER_RACE
-0.65802,-1.1915,-0.31731,-0.11508,0.11096,0.64621,0.072555,0.092534,5,OUTER_RACE
-0.63068,1.4624,0.414,-0.049576,0.14704,0.71366,0.098801,-0.088734,5,OUTER_RACE
-0.5995,-0.91336,-0.4153,-0.17173,0.106,0.66064,0.057386,0.17042,5,OUTER_RACE
-0.65748,0.75809,0.36085,-0.069982,0.12203,0.70168,0.078868,-0.12862,5,OUTER_RACE
-0.66346,-0.076566,-0.24657,-0.10892,0.092725,0.67455,0.055563,0.17852,5,OUTER_RACE
-0.62442,-0.59215,0.17627,-0.036159,0.087709,0.68528,0.056263,-0.089099,5,OUTER_RACE
-0.57719,0.94482,0.040776,-0.02005,0.11184,0.7161,0.082368,0.097937,5,OUTER_RACE
-0.6456,-1.4567,-0.10414,-0.039306,0.093084,0.68047,0.063198,0.024047,5,OUTER_RACE
-0.68137,1.4754,0.29706,0.02324,0.13417,0.7296,0.088655,-0.025237,5,OUTER_RACE
-0.60413,-1.8824,-0.31461,-0.066257,0.068962,0.63445,0.007238,0.14839,5,OUTER_RACE
-0.62245,1.0586,0.43251,0.071091,0.13788,0.72194,0.046835,-0.11633,5,OUTER_RACE
-0.63712,-1.0902,-0.45431,-0.044643,0.10364,0.66327,0.0045151,0.22953,5,OUTER_RACE
-0.6633,0.01534,0.29836,0.061835,0.13248,0.71517,0.038082,-0.12789,5,OUTER_RACE
-0.72529,-0.0032263,-0.28982,-0.022118,0.10516,0.68945,0.023004,0.18538,5,OUTER_RACE
-0.53193,-1.3581,0.044444,0.012649,0.081415,0.672,0.020146,-0.04792,5,OUTER_RACE
-0.66736,1.0569,0.06042,0.072439,0.10328,0.70794,0.073345,0.078272,5,OUTER_RACE
-0.62233,-1.6902,-0.27058,0.041616,0.037749,0.63998,0.051189,0.092072,5,OUTER_RACE
-0.57265,1.5026,0.34837,0.12206,0.080426,0.72527,0.13783,-0.056195,5,OUTER_RACE
-0.67193,-1.9216,-0.48238,-0.037983,-0.00068241,0.63996,0.094087,0.21145,5,OUTER_RACE
-0.60598,0.65305,0.42849,0.047981,0.047678,0.71721,0.15622,-0.14072,5,OUTER_RACE
-0.68329,-0.83319,-0.46671,-0.087677,-0.0021917,0.65006,0.12555,0.24014,5,OUTER_RACE
-0.54173,-0.36807,0.28495,0.0080307,0.016671,0.68747,0.14928,-0.13673,5,OUTER_RACE
-0.64813,0.46166,-0.21023,-0.044541,0.0015397,0.67951,0.16017,0.19777,5,OUTER_RACE
-0.63722,-1.2461,-0.043251,-0.051388,-0.023604,0.65302,0.16044,-0.018836,5,OUTER_RACE
-0.62541,1.3208,0.14576,-0.027186,0.015001,0.70058,0.2327,0.038869,5,OUTER_RACE
-0.58492,-1.6157,-0.35538,-0.10234,-0.040219,0.61646,0.19721,0.12537,5,OUTER_RACE
-0.58416,1.4695,0.37786,-0.00072371,0.020704,0.69905,0.23837,-0.093797,5,OUTER_RACE
-0.62775,-1.2857,-0.51794,-0.13483,-0.038305,0.60855,0.15806,0.21714,5,OUTER_RACE
-0.60281,0.85712,0.37537,-0.03831,0.020627,0.67885,0.18927,-0.15226,5,OUTER_RACE
-0.62711,-0.43019,-0.43882,-0.16009,0.002304,0.6263,0.1632,0.2326,5,OUTER_RACE
-0.55206,-0.58559,0.15038,-0.093368,0.022708,0.64511,0.1664,-0.10227,5,OUTER_RACE
-0.58162,0.76099,-0.17179,-0.10045,0.041224,0.65225,0.15173,0.12617,5,OUTER_RACE
-0.66958,-1.5443,-0.16579,-0.091171,0.027499,0.61148,0.091782,0.017062,5,OUTER_RACE
-0.63313,1.4607,0.18407,-0.019504,0.088486,0.64851,0.111,-0.013822,5,OUTER_RACE
-0.64642,-1.5815,-0.43476,-0.08548,0.049181,0.5748,0.038442,0.10536,5,OUTER_RACE
-0.64277,1.3315,0.41972,0.019752,0.10333,0.64301,0.047015,-0.09752,5,OUTER_RACE
-0.58361,-1.0229,-0.50401,-0.053077,0.047614,0.57667,-0.054001,0.17993,5,OUTER_RACE
-0.5513,0.4883,0.40972,0.055817,0.084311,0.6151,-0.051599,-0.12142,5,OUTER_RACE
-0.58369,0.01367,-0.32069,0.00044526,0.066695,0.56955,-0.081532,0.14666,5,OUTER_RACE
-0.56854,-0.6432,0.19411,0.03432,0.056625,0.55701,-0.084068,-0.079851,5,OUTER_RACE
-0.64935,0.99734,0.025037,0.016175,0.056939,0.56892,-0.065952,0.085671,5,OUTER_RACE
-0.5633,-1.6617,-0.1647,-0.017256,0.004205,0.51822,-0.080241,0.0090796,5,OUTER_RACE
-0.5856,1.4781,0.36724,0.058181,0.049759,0.56034,0.015092,-0.013555,5,OUTER_RACE
-0.66487,-1.5647,-0.45233,-0.0079302,-0.0047478,0.4753,0.036053,0.11067,5,OUTER_RACE
-0.52317,1.1624,0.53433,0.070384,0.037756,0.52281,0.14532,-0.098664,5,OUTER_RACE
-0.61095,-0.85868,-0.47624,-0.046063,-0.01327,0.46187,0.13675,0.16988,5,OUTER_RACE
-0.59327,0.19532,0.37966,0.023889,0.016151,0.49227,0.18468,-0.12726,5,OUTER_RACE
-0.61094,0.29301,-0.29528,-0.016344,0.028893,0.46952,0.20582,0.16192,5,OUTER_RACE
-0.61488,-1.1214,0.045465,0.0285,0.037139,0.44247,0.22897,-0.07087,5,OUTER_RACE
-0.55797,1.2965,0.08769,0.057461,0.070349,0.46328,0.24596,0.072869,5,OUTER_RACE
-0.61568,-1.3528,-0.30452,-0.0053482,0.030588,0.41022,0.17384,0.05043,5,OUTER_RACE
-0.57924,1.6574,0.36241,0.012732,0.094035,0.47155,0.18683,-0.049769,5,OUTER_RACE
-0.61163,-1.3758,-0.55234,-0.13134,0.059091,0.40552,0.10281,0.1552,5,OUTER_RACE
-0.59915,0.96806,0.43107,-0.053167,0.10777,0.45783,0.10028,-0.13077,5,OUTER_RACE
-0.56642,-0.46242,-0.48734,-0.11064,0.060292,0.40745,-0.010994,0.18957,5,OUTER_RACE
-0.62507,-0.13452,0.27585,-0.016081,0.066952,0.42443,-0.071173,-0.12573,5,OUTER_RACE
-0.55447,0.72753,-0.17451,-0.032202,0.064267,0.4228,-0.12679,0.13551,5,OUTER_RACE
-0.58487,-1.0541,-0.012846,-0.02068,0.049065,0.39502,-0.18216,-0.04461,5,OUTER_RACE
-0.59215,1.5565,0.23115,0.02263,0.071056,0.44461,-0.18926,0.034367,5,OUTER_RACE
-0.51661,-1.5921,-0.29311,-0.010544,0.012227,0.37861,-0.25617,0.073867,5,OUTER_RACE
-0.60857,1.493,0.47721,0.084444,0.055725,0.4389,-0.19674,-0.076736,5,OUTER_RACE
-0.53588,-1.2035,-0.45434,-0.0037682,0.015926,0.35358,-0.17823,0.1534,5,OUTER_RACE
-0.58065,0.69304,0.49973,0.056581,0.065237,0.39793,-0.078879,-0.1202,5,OUTER_RACE
-0.55967,-0.11198,-0.29545,-0.021226,0.03159,0.35115,-0.049647,0.16662,5,OUTER_RACE
-0.55014,-0.39284,0.31083,0.0051532,0.049187,0.36138,0.010931,-0.091144,5,OUTER_RACE
-0.59055,1.0067,0.0142,-0.03377,0.069322,0.35849,0.091641,0.090563,5,OUTER_RACE
-0.53892,-1.2953,-0.054133,-0.068691,0.05866,0.30707,0.13577,-0.014674,5,OUTER_RACE
-0.57227,1.5568,0.28943,-0.0205,0.10099,0.35197,0.21259,0.0075463,5,OUTER_RACE
-0.58228,-1.6848,-0.41279,-0.077728,0.045918,0.27629,0.19206,0.097256,5,OUTER_RACE
-0.51145,1.2811,0.41641,0.060127,0.10335,0.35329,0.25776,-0.092361,5,OUTER_RACE
-0.62536,-1.1472,-0.53729,0.01173,0.060439,0.28189,0.22926,0.15233,5,OUTER_RACE
-0.49846,0.20811,0.32722,0.13308,0.10102,0.33578,0.23581,-0.13069,5,OUTER_RACE
-0.60173,0.026861,-0.41663,0.071322,0.067215,0.29724,0.16108,0.16358,5,OUTER_RACE
-0.5456,-0.85267,0.0045057,0.093808,0.057935,0.29943,0.082952,-0.083331,5,OUTER_RACE
-0.5419,1.1271,-0.11361,0.076068,0.077896,0.32444,0.041929,0.088056,5,OUTER_RACE
-0.5929,-1.5463,-0.35224,0.023985,0.045244,0.27855,-0.044747,0.021711,5,OUTER_RACE
-0.51724,1.5371,0.21748,0.061199,0.088017,0.35556,-0.070775,-0.033682,5,OUTER_RACE
-0.58643,-1.2998,-0.52987,-0.072365,0.016632,0.2775,-0.19542,0.14394,5,OUTER_RACE
-0.5567,1.3323,0.37117,-0.015291,0.066335,0.34979,-0.22119,-0.12658,5,OUTER_RACE
-0.52199,-0.61183,-0.49442,-0.1168,0.035058,0.28228,-0.27915,0.21693,5,OUTER_RACE
-0.61711,0.24051,0.30023,-0.020159,0.061473,0.31226,-0.2584,-0.13717,5,OUTER_RACE
-0.49369,0.69486,-0.2366,-0.022979,0.037004,0.29614,-0.24932,0.17158,5,OUTER_RACE
-0.60571,-0.82938,0.050026,0.014351,0.0087135,0.27668,-0.22433,-0.055951,5,OUTER_RACE
-0.5418,1.4966,0.135,0.010189,0.035707,0.31597,-0.1571,0.055516,5,OUTER_RACE
-0.53967,-1.5228,-0.25827,-0.079629,-0.0040542,0.23972,-0.14175,0.090027,5,OUTER_RACE
-0.60133,1.6816,0.36698,-0.0078274,0.052559,0.30244,-0.043553,-0.072866,5,OUTER_RACE
-0.49634,-1.3615,-0.43234,-0.071433,-0.0074452,0.22095,-0.032186,0.19337,5,OUTER_RACE
-0.60606,0.87237,0.43778,0.079922,0.033273,0.2869,0.09428,-0.13636,5,OUTER_RACE
-0.54233,-0.56274,-0.37297,0.0032585,-0.002699,0.22709,0.13187,0.2262,5,OUTER_RACE
-0.53313,-0.50688,0.26853,0.051,0.023922,0.24602,0.20465,-0.10426,5,OUTER_RACE
-0.60097,0.62613,-0.15441,0.010741,0.034782,0.25611,0.21517,0.13912,5,OUTER_RACE
-0.49586,-1.6235,-0.092664,0.043543,-0.00081728,0.21789,0.16413,-0.00141,5,OUTER_RACE
-0.59841,1.3705,0.14959,0.16027,0.046696,0.29074,0.19294,0.017963,5,OUTER_RACE
-0.53881,-1.9692,-0.36973,0.10354,-0.015049,0.21318,0.11958,0.11621,5,OUTER_RACE
-0.52725,1.2452,0.38952,0.1719,0.041089,0.30776,0.16252,-0.089391,5,OUTER_RACE
-0.60022,-1.5248,-0.45566,-0.0030103,-0.035119,0.23383,0.054567,0.20741,5,OUTER_RACE
-0.48917,0.40564,0.43347,0.064019,-0.0065011,0.30726,0.034582,-0.13851,5,OUTER_RACE
-0.58902,-0.32514,-0.28123,-0.020082,-0.038517,0.28014,-0.056518,0.22464,5,OUTER_RACE
-0.53192,-0.87464,0.26108,0.030639,-0.040167,0.29176,-0.10337,-0.091971,5,OUTER_RACE
-0.52425,0.94058,0.062521,-0.025869,-0.025325,0.32742,-0.15348,0.13403,5,OUTER_RACE
-0.59311,-1.7203,-0.026028,-0.11932,-0.078464,0.27624,-0.24895,0.028477,5,OUTER_RACE
-0.48374,1.5059,0.36096,-0.096232,-0.023219,0.35873,-0.23623,-0.010001,5,OUTER_RACE
-0.59007,-1.8569,-0.34236,-0.17983,-0.082369,0.26607,-0.30607,0.18429,5,OUTER_RACE
-0.52195,1.182,0.47282,-0.03156,-0.015608,0.35347,-0.23529,-0.1294,5,OUTER_RACE
-0.52358,-1.1138,-0.41183,-0.11029,-0.079832,0.27343,-0.2829,0.24316,5,OUTER_RACE
-0.57809,0.072014,0.40105,-0.026871,-0.052755,0.32657,-0.21314,-0.15245,5,OUTER_RACE
-0.48342,0.082045,-0.24364,-0.11513,-0.07025,0.29674,-0.1824,0.2113,5,OUTER_RACE
-0.57725,-0.97915,0.096414,-0.062595,-0.073268,0.2777,-0.12376,-0.06425,5,OUTER_RACE
-0.50628,1.1155,0.013339,-0.023493,-0.043526,0.31435,-0.041504,0.084357,5,OUTER_RACE
-0.49617,-1.8931,-0.27975,-0.049666,-0.10449,0.24375,-0.056602,0.071433,5,OUTER_RACE
-0.62229,1.3936,0.25715,0.036246,-0.043539,0.32866,0.053052,-0.043758,5,OUTER_RACE
-0.4143,-1.8989,-0.5174,-0.081222,-0.10427,0.2311,0.054721,0.18212,5,OUTER_RACE
-0.55934,0.79555,0.29221,0.023324,-0.036346,0.30778,0.17701,-0.11597,5,OUTER_RACE
-0.52152,-0.94746,-0.53193,-0.053494,-0.094822,0.2404,0.16697,0.2106,5,OUTER_RACE
-0.54478,-0.19126,0.15743,0.052785,-0.075503,0.2799,0.20912,-0.11694,5,OUTER_RACE
-0.52325,0.36207,-0.30769,0.0085188,-0.088226,0.2807,0.21454,0.16886,5,OUTER_RACE
-0.53466,-1.2847,-0.087641,-0.0045967,-0.1116,0.24857,0.20842,-0.0089548,5,OUTER_RACE
-0.55444,1.3324,0.060799,-0.0072173,-0.080127,0.30486,0.22703,0.029694,5,OUTER_RACE
-0.521,-1.5822,-0.30965,-0.10458,-0.16263,0.21796,0.13153,0.10183,5,OUTER_RACE
-0.5541,1.4701,0.31791,-0.02023,-0.10869,0.32299,0.13101,-0.082918,5,OUTER_RACE
-0.53239,-1.3247,-0.4333,-0.11549,-0.17773,0.23409,0.029361,0.19899,5,OUTER_RACE
-0.54898,0.78264,0.40019,0.0025263,-0.10492,0.32064,0.057085,-0.14637,5,OUTER_RACE
-0.53909,-0.38889,-0.29225,-0.10461,-0.13843,0.26797,-0.026297,0.22233,5,OUTER_RACE
-0.5481,-0.34013,0.26431,-0.020744,-0.11962,0.29111,-0.060648,-0.10582,5,OUTER_RACE
-0.52984,0.73008,-0.03506,-0.041772,-0.095901,0.29911,-0.096642,0.13951,5,OUTER_RACE
-0.52958,-1.3867,-0.0045907,-0.043449,-0.10738,0.24693,-0.14199,-0.00099627,5,OUTER_RACE
-0.5466,1.388,0.20585,0.0017298,-0.032165,0.31976,-0.095056,0.013631,5,OUTER_RACE
-0.54037,-1.6651,-0.33036,-0.099469,-0.093582,0.22959,-0.1627,0.12052,5,OUTER_RACE
-0.54432,1.3364,0.32125,-0.0073521,-0.027207,0.32445,-0.10873,-0.09494,5,OUTER_RACE
-0.5398,-1.2954,-0.4191,-0.14595,-0.084707,0.23131,-0.15437,0.19059,5,OUTER_RACE
-0.54784,0.3722,0.34535,-0.0028882,-0.028992,0.28127,-0.07563,-0.13293,5,OUTER_RACE
-0.53491,-0.15042,-0.27317,-0.059204,-0.053757,0.23639,-0.058605,0.18806,5,OUTER_RACE
-0.54949,-0.63765,0.11601,0.030061,-0.064219,0.23435,-0.033117,-0.082285,5,OUTER_RACE
-0.53536,0.95792,-0.030904,0.030145,-0.048311,0.26452,-0.0022214,0.10171,5,OUTER_RACE
-0.54666,-1.8552,-0.14718,-0.01337,-0.083409,0.19492,0.0027941,0.028745,5,OUTER_RACE
-0.54404,1.4609,0.22209,0.050762,-0.01467,0.26112,0.082226,-0.025675,5,OUTER_RACE
-0.53851,-1.7278,-0.36288,-0.038844,-0.082343,0.14995,0.040779,0.14798,5,OUTER_RACE
-0.54913,1.1307,0.3729,0.0798,-0.02571,0.22898,0.11575,-0.11811,5,OUTER_RACE
-0.53493,-0.90507,-0.36536,-0.079918,-0.080333,0.14519,0.073878,0.19728,5,OUTER_RACE
-0.54751,0.28127,0.35492,-0.00082648,-0.038729,0.187,0.14293,-0.13157,5,OUTER_RACE
-0.53972,0.23605,-0.15112,-0.086135,-0.052383,0.1602,0.1424,0.17874,5,OUTER_RACE
-0.54125,-0.98798,0.16701,-0.060624,-0.07235,0.13472,0.10802,-0.048114,5,OUTER_RACE
-0.54752,1.2297,0.083329,-0.046153,-0.045138,0.17851,0.10175,0.05335,5,OUTER_RACE
-0.54023,-1.0113,-0.22461,-0.088717,-0.087622,0.10458,0.020544,0.066274,5,OUTER_RACE
-0.5472,1.5339,0.34775,0.002462,-0.0055056,0.18456,0.048248,-0.060259,5,OUTER_RACE
-0.5406,-0.96295,-0.38045,-0.065267,-0.049974,0.095145,-0.054463,0.14087,5,OUTER_RACE
-0.54389,1.1639,0.45118,0.081721,0.017326,0.16959,-0.058336,-0.12393,5,OUTER_RACE
-0.54412,-0.2486,-0.35482,-0.019228,-0.0063662,0.10672,-0.14608,0.17716,5,OUTER_RACE
-0.54262,0.35678,0.2997,0.072716,0.037267,0.13167,-0.14832,-0.1113,5,OUTER_RACE
-0.54309,0.69457,-0.15878,0.022604,0.052752,0.12723,-0.16276,0.1178,5,OUTER_RACE
-0.5439,-0.53051,-0.014163,0.018744,0.026838,0.092283,-0.19603,-0.031638,5,OUTER_RACE
-0.54112,1.4125,0.11148,0.016605,0.053523,0.14755,-0.17519,0.023317,5,OUTER_RACE
-0.54703,-0.78326,-0.34507,-0.08706,-0.011941,0.064861,-0.21829,0.079416,5,OUTER_RACE
-0.54008,1.6141,0.303,-0.047791,0.038468,0.13995,-0.13264,-0.072744,5,OUTER_RACE
-0.54611,-0.54433,-0.51335,-0.18182,-0.028601,0.045313,-0.16252,0.15421,5,OUTER_RACE
-0.54477,1.0908,0.32851,-0.052396,-0.00078517,0.10797,-0.089469,-0.12281,5,OUTER_RACE
-0.54075,0.099442,-0.4368,-0.10612,-0.044059,0.057898,-0.088204,0.16869,5,OUTER_RACE
-0.54694,0.011506,0.13332,-0.026268,-0.028935,0.070835,-0.011591,-0.093797,5,OUTER_RACE
-0.54,1.002,-0.15964,-0.070926,-0.0040092,0.079563,0.078341,0.089662,5,OUTER_RACE
-0.54677,-0.54816,-0.1421,-0.095622,-0.027348,0.028108,0.11351,-0.00024179,5,OUTER_RACE
-0.54323,1.6013,0.16285,-0.033391,0.026015,0.082676,0.18638,-0.012338,5,OUTER_RACE
-0.5423,-0.9097,-0.43393,-0.081742,-0.017573,-0.0091909,0.13802,0.11463,5,OUTER_RACE
-0.54663,1.5309,0.3284,0.029194,0.062096,0.060362,0.20044,-0.10421,5,OUTER_RACE
-0.53944,-0.77766,-0.5297,-0.098962,0.027531,-0.019286,0.15231,0.15572,5,OUTER_RACE
-0.54666,0.5259,0.30515,-0.032466,0.06559,0.034968,0.15661,-0.12188,5,OUTER_RACE
-0.54223,0.25209,-0.32981,-0.10095,0.045251,0.014426,0.092052,0.14574,5,OUTER_RACE
-0.54356,-0.32519,0.07587,-0.037944,0.054717,0.017737,0.052615,-0.076492,5,OUTER_RACE
-0.54397,1.0962,0.064249,-0.055376,0.074466,0.0125,0.023896,0.081753,5,OUTER_RACE
-0.54029,-1.0482,-0.046328,-0.090664,0.022387,-0.071871,-0.065734,0.05262,5,OUTER_RACE
-0.5456,1.5308,0.22585,-0.016993,0.090259,0.028326,-0.053307,-0.050013,5,OUTER_RACE
-0.54271,-0.99007,-0.45242,-0.096765,0.036696,-0.045052,-0.14749,0.13982,5,OUTER_RACE
-0.5425,1.2791,0.37549,0.041937,0.10597,0.036014,-0.10808,-0.12188,5,OUTER_RACE
-0.54458,-0.57447,-0.31442,-0.04332,0.026362,-0.085212,-0.18611,0.26511,5,OUTER_RACE
-0.54177,0.48012,0.35104,0.051642,0.06769,-0.013767,-0.13756,-0.10947,5,OUTER_RACE
-0.54349,0.42054,-0.046925,-0.073887,0.051801,-0.033058,-0.12352,0.15491,5,OUTER_RACE
-0.54371,-0.40215,0.17875,-0.10567,0.034281,-0.056103,-0.091768,-0.039961,5,OUTER_RACE
-0.5413,1.3075,0.16829,-0.13128,0.086624,-0.0042879,0.022785,0.052109,5,OUTER_RACE
-0.54644,-1.2412,-0.09815,-0.18729,0.033658,-0.096334,0.016845,0.092559,5,OUTER_RACE
-0.54068,1.5182,0.37923,-0.06212,0.10999,0.0024826,0.091037,-0.073085,5,OUTER_RACE
-0.54495,-1.0183,-0.2736,-0.14815,0.031423,-0.11345,0.0063261,0.21366,5,OUTER_RACE
-0.54385,1.223,0.45929,0.0048835,0.12652,-0.010526,0.08441,-0.1358,5,OUTER_RACE
-0.54011,-0.49309,-0.21205,-0.073585,0.095557,-0.099671,0.054163,0.2288,5,OUTER_RACE
-0.54682,0.13492,0.31734,0.057975,0.1352,-0.052182,0.098576,-0.10485,5,OUTER_RACE
-0.53967,0.42629,-0.025366,0.045951,0.15,-0.037229,0.10226,0.14683,5,OUTER_RACE
-0.54587,-1.2859,0.057999,0.077385,0.12208,-0.065395,0.066428,-0.0045009,5,OUTER_RACE
-0.54209,1.2191,0.19169,0.12603,0.16692,-0.005289,0.087171,0.025508,5,OUTER_RACE
-0.54254,-1.7459,-0.22731,0.050859,0.10129,-0.084776,-0.0089258,0.13678,5,OUTER_RACE
-0.545,1.4329,0.41938,0.14075,0.14245,-0.00061066,-0.0054131,-0.092799,5,OUTER_RACE
-0.54031,-1.3093,-0.28631,0.017434,0.058237,-0.082652,-0.11413,0.18645,5,OUTER_RACE
-0.54514,0.76268,0.45774,0.10593,0.090599,-0.0067779,-0.10805,-0.1442,5,OUTER_RACE
-0.54212,-0.34606,-0.20888,-0.032947,0.06753,-0.036683,-0.16999,0.22508,5,OUTER_RACE
-0.54204,-0.30566,0.2704,-0.022028,0.07322,-0.019279,-0.2054,-0.073547,5,OUTER_RACE
-0.54422,0.79389,0.015728,-0.065672,0.085371,0.0018216,-0.23002,0.10711,5,OUTER_RACE
-0.54053,-1.1487,-0.050298,-0.067316,0.052489,-0.03146,-0.26472,0.023512,5,OUTER_RACE
-0.54407,1.496,0.38726,-0.0049371,0.10435,0.034596,-0.20567,-0.016499,5,OUTER_RACE
-0.54252,-1.3796,-0.18315,-0.087799,0.065333,-0.025337,-0.21468,0.14245,5,OUTER_RACE
-0.54096,1.4337,0.55907,-0.0079109,0.11076,0.043349,-0.1408,-0.11022,5,OUTER_RACE
-0.54524,-1.0798,-0.38286,-0.13341,0.052623,-0.022828,-0.1636,0.19884,5,OUTER_RACE
-0.53988,0.5241,0.47335,-0.050405,0.07453,0.036662,-0.12016,-0.12984,5,OUTER_RACE
-0.54358,-0.44108,-0.31402,-0.11993,0.059701,0.025111,-0.12241,0.19439,5,OUTER_RACE
-0.54282,-1.719,0.084787,-0.069892,0.056246,0.047411,-0.10367,-0.082869,5,OUTER_RACE
-0.53986,0.82942,0.036285,-0.040912,0.069309,0.074622,-0.05691,0.090076,5,OUTER_RACE
-0.54604,-2.7007,-0.23347,-0.068749,0.025675,0.048329,-0.045954,0.0076193,5,OUTER_RACE
-0.53891,1.3188,0.30971,0.022116,0.062559,0.11231,0.042276,-0.014528,5,OUTER_RACE
-0.5445,-2.9294,-0.59782,-0.039473,0.0080263,0.063821,0.023106,0.15499,5,OUTER_RACE
-0.54253,0.43059,0.4239,0.11825,0.051814,0.14013,0.078437,-0.11709,5,OUTER_RACE
-0.54021,-1.6719,-0.49419,0.01498,0.0078337,0.095016,0.029676,0.21929,5,OUTER_RACE
-0.54642,-0.81194,0.24133,0.079974,0.023845,0.14247,0.029554,-0.12933,5,OUTER_RACE
-0.53794,0.085603,-0.374,0.0051404,0.0011993,0.14135,-0.012554,0.19909,5,OUTER_RACE
-0.54461,-1.8105,-0.12938,0.021602,-0.012044,0.15878,-0.061508,-0.012192,5,OUTER_RACE
-0.54124,1.3522,0.076898,0.055644,0.012895,0.21715,-0.059196,0.0091283,5,OUTER_RACE
-0.54109,-2.219,-0.30152,-0.0093689,-0.035171,0.167,-0.12108,0.038066,5,OUTER_RACE
-0.54536,1.3979,0.33668,0.02473,-0.0086141,0.22486,-0.10177,-0.066563,5,OUTER_RACE
-0.53982,-1.8475,-0.46021,-0.092436,-0.066974,0.16712,-0.16799,0.092656,5,OUTER_RACE
-0.54385,0.67875,0.38196,-0.0040508,-0.042267,0.23055,-0.13499,-0.11042,5,OUTER_RACE
-0.54233,-0.64677,-0.4819,-0.058658,-0.09495,0.1992,-0.1421,0.14815,5,OUTER_RACE
-0.53975,-0.70877,0.19793,0.042387,-0.10408,0.23811,-0.085667,-0.090754,5,OUTER_RACE
-0.54478,0.61893,-0.091996,0.076383,-0.11385,0.25318,-0.041029,0.085233,5,OUTER_RACE
-0.53932,-1.6038,-0.0041346,0.090372,-0.1425,0.23722,-0.018225,-0.032319,5,OUTER_RACE
-0.54229,1.4997,0.21133,0.11288,-0.11182,0.26635,0.066968,0.0018269,5,OUTER_RACE
-0.54304,-2.387,-0.37906,0.028533,-0.15421,0.21325,0.094563,0.063548,5,OUTER_RACE
-0.53844,0.99214,0.45473,0.11717,-0.090191,0.2905,0.1951,-0.079364,5,OUTER_RACE
-0.54519,-1.2263,-0.35309,0.032855,-0.11754,0.24251,0.15827,0.096647,5,OUTER_RACE
-0.53942,0.31541,0.48936,0.10954,-0.043179,0.29887,0.19761,-0.11385,5,OUTER_RACE
-0.54205,-0.15443,-0.28516,0.021005,-0.036648,0.26819,0.18207,0.12125,5,OUTER_RACE
-0.54418,-0.90401,0.21665,0.03651,-0.0046193,0.28255,0.22528,-0.08007,5,OUTER_RACE
-0.53671,0.93333,0.016236,0.007793,0.013421,0.30389,0.26514,0.058632,5,OUTER_RACE
-0.54729,-1.8686,-0.13127,-0.030121,-0.010746,0.27535,0.20398,-0.015769,5,OUTER_RACE
-0.53674,1.3878,0.36507,0.021917,0.036336,0.33835,0.19722,-0.018836,5,OUTER_RACE
-0.54429,-1.7518,-0.19092,-0.044457,-0.001421,0.29334,0.12948,0.078151,5,OUTER_RACE
-0.54297,1.156,0.52324,0.034024,0.031051,0.35133,0.14345,-0.094308,5,OUTER_RACE
-0.53645,-1.2253,-0.31891,-0.082494,-0.041959,0.30888,0.033934,0.135,5,OUTER_RACE
-0.54818,-0.1884,0.45643,0.00097836,-0.026057,0.34392,-0.002581,-0.10504,5,OUTER_RACE
-0.53757,0.22093,-0.063615,-0.0060868,-0.026147,0.34405,-0.035654,0.087326,5,OUTER_RACE
-0.5427,-1.0422,0.2819,0.064237,-0.009282,0.33746,-0.022919,-0.089951,5,OUTER_RACE
-0.54513,1.1458,0.24257,0.08508,-0.0051074,0.33292,0.011316,0.066858,5,OUTER_RACE
-0.53749,-2.1313,-0.0029269,0.024242,-0.036956,0.28397,-0.042763,0.031787,5,OUTER_RACE
-0.54673,1.4647,0.5908,0.079659,0.017063,0.32682,-0.020472,-0.046898,5,OUTER_RACE
-0.53711,-1.7579,-0.076289,-0.032723,0.0002681,0.2572,-0.046378,0.076715,5,OUTER_RACE
-0.54261,0.89135,0.66062,0.037396,0.075224,0.29419,0.050284,-0.10441,5,OUTER_RACE
-0.54125,-0.97533,-0.17578,-0.082956,0.046914,0.23329,0.049937,0.14691,5,OUTER_RACE
-0.53795,-0.62496,0.50719,-0.019344,0.078904,0.25957,0.069793,-0.093042,5,OUTER_RACE
-0.54321,0.44071,0.088185,-0.050597,0.11795,0.27101,0.09482,0.058072,5,OUTER_RACE
-0.54018,-1.4041,0.23172,-0.071292,0.15694,0.25313,0.099585,-0.053396,5,OUTER_RACE
-0.53984,1.1527,0.27872,-0.070997,0.19309,0.23701,0.12825,0.0066702,5,OUTER_RACE
-0.54555,-1.9142,-0.18725,-0.12267,0.18272,0.17658,0.11096,0.012779,5,OUTER_RACE
-0.53518,1.1774,0.39458,0.0087115,0.2202,0.21506,0.12539,-0.059456,5,OUTER_RACE
-0.54703,-1.2767,-0.14791,0.0044531,0.20822,0.18591,0.10479,0.084186,5,OUTER_RACE
-0.53802,0.53573,0.48777,0.10853,0.24033,0.21484,0.11416,-0.098616,5,OUTER_RACE
-0.53995,-0.68998,-0.018916,0.038257,0.23077,0.174,0.087531,0.092924,5,OUTER_RACE
-0.54672,-0.98941,0.31499,0.056928,0.22821,0.15912,0.067289,-0.082918,5,OUTER_RACE
-0.53054,0.655,0.090035,0.016637,0.19688,0.14066,0.014,0.047996,5,OUTER_RACE
-0.5505,-1.4548,0.11381,-0.014135,0.17866,0.11859,-0.028532,-0.025237,5,OUTER_RACE
-0.53324,1.3795,0.27047,0.027633,0.19708,0.16127,-0.026881,-0.017181,5,OUTER_RACE
-0.54493,-2.1387,-0.037899,-0.043474,0.18364,0.12289,-0.048568,0.041181,5,OUTER_RACE
-0.54237,0.98848,0.43308,-0.0083348,0.20163,0.13187,-0.044188,-0.07895,5,OUTER_RACE
-0.53323,-0.98565,-0.039544,-0.11185,0.18482,0.077253,-0.09311,0.090222,5,OUTER_RACE
-0.55035,0.49161,0.41368,-0.081248,0.21234,0.086545,-0.090053,-0.097374,5,OUTER_RACE
-0.5336,0.12462,-0.045705,-0.11528,0.22144,0.073839,-0.084383,0.069267,5,OUTER_RACE
